Metabolite,Disease,prob,TRUE
HMDB0008196,32,0.99917,1
HMDB0007904,32,0.99917,1
HMDB0011269,32,0.99915,1
HMDB0008793,32,0.99911,1
HMDB0008168,32,0.99907,1
HMDB0011307,32,0.99907,1
HMDB0008167,32,0.99901,1
HMDB0008429,32,0.999,1
HMDB0011272,32,0.99899,1
HMDB0008398,32,0.99897,1
HMDB0008159,32,0.99895,1
HMDB0008597,32,0.99895,1
HMDB0008170,32,0.99894,1
HMDB0008216,32,0.99891,1
HMDB0007929,32,0.99891,1
HMDB0008151,32,0.99888,1
HMDB0008463,32,0.99888,1
HMDB0008341,32,0.99888,1
HMDB0008689,32,0.99883,1
HMDB0008627,32,0.99883,1
HMDB0008152,32,0.99882,1
HMDB0008422,32,0.99879,1
HMDB0008193,32,0.99878,1
HMDB0008217,32,0.99877,1
HMDB0008161,32,0.99874,1
HMDB0007931,32,0.99874,1
HMDB0008391,32,0.99871,1
HMDB0008438,32,0.99868,1
HMDB0008635,32,0.99863,1
HMDB0011201,32,0.99862,1
HMDB0008374,32,0.99861,1
HMDB0008424,32,0.99857,1
HMDB0008653,32,0.99854,1
HMDB0000564,32,0.99846,1
HMDB0007887,32,0.99839,1
HMDB0008655,32,0.99838,1
HMDB0008047,32,0.99838,1
HMDB0007988,32,0.99835,1
HMDB0008015,32,0.99833,1
HMDB0011331,32,0.9983,1
HMDB0008043,32,0.99829,1
HMDB0007977,32,0.99828,1
HMDB0008072,32,0.99828,1
HMDB0008056,32,0.99825,1
HMDB0008687,32,0.99824,1
HMDB0008075,32,0.99823,1
HMDB0013405,32,0.99822,1
HMDB0007972,32,0.99822,1
HMDB0008002,32,0.99821,1
HMDB0008340,32,0.99815,1
HMDB0013432,32,0.99815,1
HMDB0008304,32,0.99815,1
HMDB0011211,32,0.99814,1
HMDB0008276,32,0.99813,1
HMDB0008053,32,0.99813,1
HMDB0011234,32,0.99811,1
HMDB0008113,32,0.99811,1
HMDB0008296,32,0.99808,1
HMDB0007891,32,0.99806,1
HMDB0013448,32,0.99804,1
HMDB0011283,32,0.99802,1
HMDB0008131,32,0.99801,1
HMDB0008138,32,0.998,1
HMDB0008129,32,0.998,1
HMDB0008797,32,0.99796,1
HMDB0008287,32,0.99796,1
HMDB0008142,32,0.99793,1
HMDB0008369,32,0.99792,1
HMDB0008172,32,0.99791,1
HMDB0013449,32,0.9979,1
HMDB0008383,32,0.99787,1
HMDB0011278,32,0.99786,1
HMDB0008591,32,0.99784,1
HMDB0011285,32,0.99784,1
HMDB0008725,32,0.99779,1
HMDB0008660,32,0.99774,1
HMDB0010395,32,0.99741,1
HMDB0008695,32,0.99734,1
HMDB0011327,32,0.99727,1
HMDB0013450,32,0.99722,1
HMDB0008318,32,0.9971,1
HMDB0062651,42,0.99698,1
HMDB0008184,32,0.99678,1
HMDB0004953,42,0.99671,1
HMDB0013461,32,0.9965,1
HMDB0005065,42,0.99594,1
HMDB0012101,32,0.99581,1
HMDB0006469,32,0.99565,1
HMDB0013469,32,0.99556,1
HMDB0005066,32,0.99522,1
HMDB0000201,42,0.99446,1
HMDB0002250,32,0.99395,1
HMDB0011587,42,0.9936,1
HMDB0002014,32,0.99234,1
HMDB0028694,42,0.9912,1
HMDB0000872,42,0.99023,1
HMDB0011550,42,0.99013,1
HMDB0011532,42,0.98953,1
HMDB0004231,42,0.98943,1
HMDB0062549,42,0.98868,1
HMDB0000450,42,0.98829,1
HMDB0002005,42,0.98827,1
HMDB0094649,42,0.98822,1
HMDB0000563,42,0.98779,1
HMDB0013716,42,0.98676,1
HMDB0094704,42,0.98642,1
HMDB0037397,42,0.98628,1
HMDB0000679,42,0.98457,1
HMDB0000267,11,0.98438,1
HMDB0000479,42,0.9842,1
HMDB0000696,42,0.98407,1
HMDB0028892,42,0.98393,1
HMDB0000190,42,0.98337,1
HMDB0014447,11,0.98324,1
HMDB0013627,11,0.98103,1
HMDB0013302,42,0.9808,1
HMDB0035094,8,0.98035,1
HMDB0033792,8,0.98023,1
HMDB0029098,42,0.97996,1
HMDB0028896,42,0.97903,1
HMDB0011543,42,0.97846,1
HMDB0000847,11,0.97831,1
HMDB0001183,11,0.97777,1
HMDB0059907,8,0.97753,1
HMDB0000162,8,0.97696,1
HMDB0034252,42,0.97674,1
HMDB0002107,42,0.97649,1
HMDB0002123,42,0.97591,1
HMDB0000767,42,0.97556,1
HMDB0037051,11,0.97514,1
HMDB0059835,12,0.97442,1
HMDB0006528,42,0.97441,1
HMDB0002261,42,0.97412,1
HMDB0000220,42,0.97371,1
HMDB0000725,11,0.97361,1
HMDB0000423,42,0.97174,1
HMDB0000172,12,0.97123,1
HMDB0011552,42,0.97087,1
HMDB0001982,42,0.97006,1
HMDB0007103,11,0.968,1
HMDB0034136,8,0.96759,1
HMDB0000325,42,0.96691,1
HMDB0094710,42,0.96685,1
HMDB0028963,42,0.9662,1
HMDB0035226,11,0.96579,1
HMDB0029042,42,0.96505,1
HMDB0036467,11,0.96438,1
HMDB0013243,42,0.96203,1
HMDB0000168,42,0.96058,1
HMDB0000162,3,0.95684,1
HMDB0029133,42,0.95587,1
HMDB0029118,42,0.95541,1
HMDB0033916,8,0.95459,1
HMDB0039216,53,0.95444,1
HMDB0059848,12,0.95403,1
HMDB0000058,12,0.95208,1
HMDB0001563,42,0.94855,1
HMDB0000491,42,0.94803,1
HMDB0034367,42,0.9468,1
HMDB0003407,12,0.94596,1
HMDB0028764,42,0.94579,1
HMDB0013824,11,0.94554,1
HMDB0000561,32,0.94493,1
HMDB0000472,11,0.94386,1
HMDB0000159,3,0.9426,1
HMDB0002231,42,0.94145,1
HMDB0029090,42,0.94128,1
HMDB0013780,11,0.94082,1
HMDB0002199,11,0.94033,1
HMDB0000715,11,0.94013,1
HMDB0040221,55,0.94004,1
HMDB0002212,42,0.93969,1
HMDB0000085,42,0.93921,1
HMDB0094684,42,0.93751,1
HMDB0000929,3,0.93725,1
HMDB0059835,8,0.93715,1
HMDB0031475,12,0.93706,1
HMDB0034239,55,0.93508,1
HMDB0034164,53,0.93461,1
HMDB0000539,42,0.93283,1
HMDB0061896,55,0.93146,1
HMDB0010738,42,0.93125,1
HMDB0001932,42,0.92944,1
HMDB0240219,42,0.92836,1
HMDB0033745,55,0.928,1
HMDB0005841,55,0.92748,1
HMDB0000562,11,0.92632,1
HMDB0000123,11,0.92523,1
HMDB0000020,12,0.92511,1
HMDB0031654,42,0.92442,1
HMDB0005879,8,0.9242,1
HMDB0029595,55,0.9235,1
HMDB0000637,42,0.92217,1
HMDB0000063,3,0.92216,1
HMDB0028906,42,0.92079,1
HMDB0000729,42,0.92055,1
HMDB0000626,42,0.91917,1
HMDB0010378,42,0.91562,1
HMDB0000123,12,0.91462,1
HMDB0002284,42,0.913,1
HMDB0000273,42,0.90753,1
HMDB0032619,11,0.9074,1
HMDB0000765,42,0.90724,1
HMDB0002032,42,0.90473,1
HMDB0000087,15,0.89413,1
HMDB0000157,12,0.89253,1
HMDB0028735,42,0.89205,1
HMDB0001253,42,0.88966,0
HMDB0001406,11,0.8827,1
HMDB0028917,42,0.87628,1
HMDB0003671,12,0.87065,1
HMDB0000306,42,0.87025,1
HMDB0002658,42,0.86626,1
HMDB0040297,11,0.86594,1
HMDB0001123,42,0.86379,1
HMDB0000641,11,0.86196,1
HMDB0000626,11,0.85763,1
HMDB0029074,42,0.84549,1
HMDB0000808,42,0.8435,1
HMDB0006007,11,0.84279,1
HMDB0001392,42,0.84143,1
HMDB0000012,11,0.84019,1
HMDB0000177,8,0.83483,1
HMDB0000224,42,0.83416,1
HMDB0059899,12,0.83233,1
HMDB0000118,42,0.82853,0
HMDB0000630,42,0.82335,1
HMDB0031507,55,0.81974,0
HMDB0000555,11,0.81413,1
HMDB0029095,42,0.81302,1
HMDB0000175,12,0.79835,1
HMDB0032616,42,0.79811,1
HMDB0000193,42,0.79074,0
HMDB0033889,8,0.78566,1
HMDB0005994,12,0.78112,1
HMDB0060274,42,0.77553,0
HMDB0036574,12,0.76992,1
HMDB0062562,42,0.76542,1
HMDB0012131,42,0.76366,0
HMDB0000126,42,0.74735,1
HMDB0037050,42,0.74476,0
HMDB0000520,42,0.74159,0
HMDB0034237,55,0.72871,1
HMDB0001993,17,0.70973,1
HMDB0000060,12,0.70664,1
HMDB0000060,11,0.69767,1
HMDB0000122,42,0.69377,1
HMDB0001860,4,0.69099,1
HMDB0014389,11,0.68454,1
HMDB0031243,55,0.68315,1
HMDB0004327,42,0.6733,0
HMDB0000230,12,0.67209,0
HMDB0000526,55,0.67171,0
HMDB0005806,53,0.66821,1
HMDB0031207,11,0.66398,1
HMDB0000228,55,0.65974,1
HMDB0033116,8,0.65766,1
HMDB0000043,11,0.65178,1
HMDB0041623,29,0.64908,0
HMDB0031645,55,0.64188,0
HMDB0000483,42,0.63912,0
HMDB0000210,11,0.63791,1
HMDB0012157,11,0.63724,0
HMDB0000112,15,0.63509,1
HMDB0029176,42,0.63352,0
HMDB0002364,42,0.62758,1
HMDB0005842,8,0.61809,1
HMDB0041389,11,0.61793,1
HMDB0000254,11,0.60339,1
HMDB0032972,11,0.59409,1
HMDB0006115,55,0.5936,1
HMDB0005781,11,0.57735,0
HMDB0031207,55,0.57316,1
HMDB0000870,42,0.55278,1
HMDB0032076,12,0.55256,1
HMDB0031217,8,0.53775,1
HMDB0000517,29,0.52296,0
HMDB0041822,11,0.51551,0
HMDB0000039,3,0.51404,1
HMDB0005800,11,0.50654,0
HMDB0037050,53,0.50246,1
HMDB0000906,12,0.50043,1
HMDB0005949,55,0.49956,0
HMDB0002503,31,0.48991,1
HMDB0000772,11,0.48768,0
HMDB0000516,11,0.47924,1
HMDB0000237,3,0.44806,1
HMDB0002183,14,0.43867,1
HMDB0012114,29,0.43208,0
HMDB0002151,55,0.41135,0
HMDB0002031,16,0.39901,0
HMDB0062121,16,0.39437,0
HMDB0000294,37,0.39183,0
HMDB0011103,4,0.39016,1
HMDB0062774,29,0.38973,0
HMDB0001149,12,0.38783,0
HMDB0000095,42,0.38226,1
HMDB0000167,3,0.37706,1
HMDB0001177,37,0.36105,0
HMDB0002151,12,0.35763,0
HMDB0000294,15,0.3369,0
HMDB0000863,17,0.33179,0
HMDB0000078,11,0.33007,0
HMDB0031231,17,0.3258,0
HMDB0000142,34,0.32316,1
HMDB0061709,32,0.31959,0
HMDB0031857,42,0.31265,0
HMDB0003791,12,0.31156,0
HMDB0000653,8,0.30793,0
HMDB0061883,42,0.3015,1
HMDB0000619,45,0.29014,0
HMDB0031482,53,0.28466,0
HMDB0060524,16,0.27885,1
HMDB0001885,11,0.27531,0
HMDB0000526,32,0.26954,0
HMDB0002104,16,0.2678,0
HMDB0031325,17,0.25123,0
HMDB0013724,35,0.24588,1
HMDB0004224,49,0.24428,0
HMDB0000766,12,0.24179,0
HMDB0060038,11,0.2361,0
HMDB0002189,29,0.23341,0
HMDB0001933,15,0.23038,0
HMDB0000138,43,0.22383,0
HMDB0001276,29,0.22348,0
HMDB0002044,55,0.21797,0
HMDB0013724,31,0.21653,1
HMDB0002200,16,0.21545,0
HMDB0001177,55,0.2133,0
HMDB0031507,16,0.21158,0
HMDB0000479,32,0.21127,1
HMDB0000599,31,0.21014,1
HMDB0003402,29,0.20939,0
HMDB0000247,11,0.20879,1
HMDB0001396,12,0.20216,0
HMDB0002196,10,0.19365,0
HMDB0034233,53,0.18921,0
HMDB0041011,37,0.18914,0
HMDB0000230,15,0.17685,0
HMDB0001554,29,0.17593,0
HMDB0029762,17,0.173,0
HMDB0034237,17,0.16695,0
HMDB0041822,42,0.1662,0
HMDB0028795,29,0.16218,0
HMDB0003646,41,0.16005,0
HMDB0006483,32,0.15979,0
HMDB0000904,19,0.15849,1
HMDB0000962,37,0.15817,0
HMDB0001276,31,0.15363,0
HMDB0000599,55,0.1494,0
HMDB0001988,16,0.14903,0
HMDB0001514,43,0.14649,0
HMDB0031230,49,0.14511,0
HMDB0003791,43,0.14126,0
HMDB0000641,29,0.14004,0
HMDB0003638,23,0.13899,0
HMDB0003231,16,0.13422,0
HMDB0000127,29,0.13169,0
HMDB0031507,15,0.13023,0
HMDB0000148,17,0.13018,1
HMDB0041011,29,0.13009,0
HMDB0000761,13,0.12881,1
HMDB0001964,49,0.1284,0
HMDB0000763,32,0.12735,0
HMDB0000985,29,0.12691,0
HMDB0012157,53,0.12523,0
HMDB0000985,19,0.12451,0
HMDB0002200,8,0.12361,0
HMDB0001933,45,0.12129,0
HMDB0001425,45,0.11504,0
HMDB0000863,31,0.11478,0
HMDB0000657,10,0.11409,0
HMDB0000294,2,0.10945,0
HMDB0003464,29,0.10802,1
HMDB0034233,17,0.1073,0
HMDB0000520,11,0.10707,0
HMDB0000619,1,0.10687,0
HMDB0002117,32,0.10678,0
HMDB0012504,45,0.10409,1
HMDB0013433,42,0.10405,0
HMDB0028954,32,0.10218,0
HMDB0002117,29,0.098661,0
HMDB0000619,55,0.095594,0
HMDB0000619,51,0.095149,0
HMDB0004400,29,0.094381,0
HMDB0001253,3,0.092437,0
HMDB0000863,3,0.092183,0
HMDB0000168,53,0.090574,0
HMDB0001960,8,0.089578,0
HMDB0000863,37,0.089263,0
HMDB0003156,3,0.088744,0
HMDB0004400,45,0.088392,0
HMDB0003156,31,0.08838,0
HMDB0002030,16,0.088105,1
HMDB0031444,10,0.087692,1
HMDB0031230,17,0.084555,0
HMDB0000517,27,0.084498,1
HMDB0031230,55,0.083308,0
HMDB0000853,32,0.082428,0
HMDB0000660,11,0.081452,0
HMDB0001129,29,0.081136,0
HMDB0000710,1,0.078178,0
HMDB0059973,16,0.078037,1
HMDB0001106,17,0.07722,0
HMDB0002200,19,0.075735,0
HMDB0000118,55,0.07542,0
HMDB0001857,4,0.074664,1
HMDB0003156,15,0.072908,0
HMDB0000138,37,0.070252,0
HMDB0041623,24,0.068612,0
HMDB0005949,27,0.068463,0
HMDB0011170,32,0.067932,0
HMDB0031230,19,0.067069,0
HMDB0002030,43,0.065897,0
HMDB0032076,53,0.065217,0
HMDB0000760,11,0.06508,0
HMDB0005800,3,0.062786,0
HMDB0000125,37,0.062695,0
HMDB0002639,32,0.062687,0
HMDB0002031,29,0.06102,0
HMDB0004224,4,0.060777,0
HMDB0000753,35,0.060482,0
HMDB0002031,45,0.060189,0
HMDB0000665,32,0.060132,0
HMDB0001964,19,0.059344,0
HMDB0000011,4,0.059151,0
HMDB0000626,4,0.058918,0
HMDB0000357,1,0.0576,0
HMDB0094650,14,0.056903,0
HMDB0060478,55,0.05634,0
HMDB0002639,55,0.055989,0
HMDB0059777,29,0.055925,0
HMDB0011588,32,0.055706,0
HMDB0000991,4,0.055642,0
HMDB0000243,41,0.055056,1
HMDB0000357,34,0.054733,1
HMDB0003681,15,0.054058,0
HMDB0001129,32,0.053627,0
HMDB0001475,29,0.053334,0
HMDB0005781,32,0.052975,0
HMDB0000526,38,0.051752,0
HMDB0002200,47,0.051157,0
HMDB0000036,51,0.050511,0
HMDB0000407,29,0.049885,0
HMDB0000526,5,0.049885,0
HMDB0003374,10,0.049443,0
HMDB0000754,49,0.049437,0
HMDB0031507,47,0.049341,0
HMDB0013695,27,0.049173,0
HMDB0000619,27,0.048873,0
HMDB0000641,41,0.04832,0
HMDB0002104,49,0.047676,0
HMDB0000526,6,0.047509,0
HMDB0000532,29,0.047471,0
HMDB0031325,31,0.046587,0
HMDB0004327,49,0.046475,0
HMDB0002580,41,0.046459,0
HMDB0000517,0,0.04637,0
HMDB0011583,32,0.046271,0
HMDB0000719,51,0.046245,0
HMDB0060071,37,0.046204,0
HMDB0059709,49,0.046061,0
HMDB0000631,29,0.045356,1
HMDB0031645,34,0.04518,0
HMDB0002200,26,0.044888,0
HMDB0001553,15,0.044594,0
HMDB0003646,2,0.044506,0
HMDB0000657,19,0.044335,0
HMDB0060071,49,0.043739,0
HMDB0003646,21,0.043707,0
HMDB0008020,42,0.043627,0
HMDB0000946,2,0.043071,0
HMDB0000415,11,0.042634,0
HMDB0000127,41,0.042464,0
HMDB0000772,8,0.042019,0
HMDB0001933,4,0.041666,0
HMDB0000247,32,0.041526,0
HMDB0062121,41,0.041179,0
HMDB0001314,29,0.04082,0
HMDB0029177,37,0.040614,0
HMDB0000023,27,0.040484,0
HMDB0000230,32,0.039983,0
HMDB0001149,32,0.039698,0
HMDB0000415,16,0.039576,0
HMDB0031482,35,0.039296,0
HMDB0041693,32,0.039216,0
HMDB0031645,27,0.038932,0
HMDB0001397,15,0.038705,0
HMDB0000827,37,0.038557,0
HMDB0028744,32,0.038464,0
HMDB0001545,32,0.038414,0
HMDB0013459,42,0.037703,0
HMDB0059989,16,0.036833,1
HMDB0001346,3,0.036583,0
HMDB0000011,27,0.036515,0
HMDB0000582,29,0.036242,1
HMDB0000450,1,0.036185,0
HMDB0003681,8,0.036107,0
HMDB0002217,15,0.035226,0
HMDB0041389,31,0.035193,0
HMDB0029147,34,0.034958,0
HMDB0001131,32,0.034801,0
HMDB0001514,37,0.034777,0
HMDB0029082,32,0.034744,0
HMDB0028795,34,0.034723,0
HMDB0000118,47,0.034704,0
HMDB0000863,33,0.033927,0
HMDB0006236,35,0.033791,0
HMDB0029184,37,0.033768,0
HMDB0003312,32,0.033645,0
HMDB0001431,29,0.033643,0
HMDB0000118,32,0.033154,0
HMDB0003366,19,0.03286,0
HMDB0000194,13,0.03272,0
HMDB0002031,17,0.032338,0
HMDB0000127,34,0.031887,0
HMDB0000598,43,0.031743,0
HMDB0003466,24,0.031721,0
HMDB0001545,41,0.031555,0
HMDB0012114,13,0.031531,0
HMDB0001554,14,0.031442,0
HMDB0001554,27,0.031277,0
HMDB0003990,15,0.030718,0
HMDB0000845,24,0.030356,1
HMDB0012136,37,0.030294,0
HMDB0001266,32,0.030231,0
HMDB0002030,32,0.030193,0
HMDB0031325,19,0.030117,0
HMDB0033167,10,0.029874,0
HMDB0060494,37,0.029855,0
HMDB0031507,23,0.029837,0
HMDB0001988,49,0.029793,0
HMDB0000665,45,0.02979,0
HMDB0000078,37,0.029632,1
HMDB0001522,10,0.029591,0
HMDB0029091,34,0.02921,0
HMDB0029184,32,0.028839,0
HMDB0002234,32,0.028753,0
HMDB0000765,49,0.028478,0
HMDB0240219,3,0.028448,0
HMDB0010207,32,0.028422,0
HMDB0031526,29,0.028226,0
HMDB0033840,37,0.028196,0
HMDB0000391,15,0.028186,0
HMDB0000407,19,0.027974,0
HMDB0036657,24,0.027911,0
HMDB0038670,55,0.027904,0
HMDB0003236,17,0.027669,0
HMDB0030433,13,0.027397,0
HMDB0014389,34,0.027317,0
HMDB0035833,0,0.02724,0
HMDB0002902,11,0.027192,0
HMDB0029087,8,0.027179,0
HMDB0001564,32,0.026962,0
HMDB0001514,8,0.026855,0
HMDB0001253,41,0.026713,0
HMDB0002196,14,0.026694,0
HMDB0000863,49,0.026644,0
HMDB0041623,50,0.026636,0
HMDB0000207,29,0.026621,0
HMDB0002259,55,0.026565,0
HMDB0003638,41,0.026556,0
HMDB0000215,45,0.026523,0
HMDB0000174,1,0.026522,0
HMDB0001545,4,0.026504,0
HMDB0012275,29,0.026303,0
HMDB0003990,32,0.026279,0
HMDB0031217,29,0.026168,0
HMDB0000896,0,0.026163,0
HMDB0060245,14,0.026159,0
HMDB0003231,8,0.026076,0
HMDB0041389,3,0.026047,0
HMDB0000036,27,0.025941,0
HMDB0012149,55,0.025834,0
HMDB0000754,19,0.025714,0
HMDB0029082,34,0.025678,0
HMDB0059851,29,0.025549,0
HMDB0003453,3,0.025514,0
HMDB0034233,3,0.025503,0
HMDB0029176,3,0.025485,0
HMDB0000502,4,0.025363,0
HMDB0003072,29,0.025288,0
HMDB0006236,19,0.025012,0
HMDB0013724,42,0.024965,0
HMDB0000765,8,0.024879,0
HMDB0001177,13,0.024857,0
HMDB0094650,21,0.024689,0
HMDB0000946,23,0.02427,0
HMDB0001253,47,0.023902,0
HMDB0003156,49,0.0239,0
HMDB0041623,18,0.02381,0
HMDB0000849,3,0.02369,0
HMDB0062774,0,0.023671,0
HMDB0002639,27,0.023646,0
HMDB0029147,27,0.023622,0
HMDB0030059,45,0.023618,0
HMDB0003229,37,0.023517,0
HMDB0000598,53,0.023341,0
HMDB0006894,37,0.023096,0
HMDB0005781,1,0.023066,0
HMDB0011110,53,0.023018,0
HMDB0003366,45,0.022985,0
HMDB0028735,16,0.022968,0
HMDB0028795,14,0.022928,0
HMDB0094650,7,0.022881,0
HMDB0029147,14,0.022705,0
HMDB0036657,10,0.022595,0
HMDB0003236,47,0.022583,0
HMDB0000486,4,0.022532,0
HMDB0033890,41,0.02253,0
HMDB0000853,41,0.022287,0
HMDB0000121,7,0.02213,0
HMDB0003344,45,0.022069,0
HMDB0012115,51,0.021965,0
HMDB0000239,45,0.021922,0
HMDB0000906,41,0.021894,0
HMDB0061883,3,0.021886,0
HMDB0041822,3,0.021771,0
HMDB0000619,7,0.021595,0
HMDB0059709,34,0.021568,0
HMDB0030059,34,0.021339,0
HMDB0001852,32,0.021291,0
HMDB0060478,27,0.021205,0
HMDB0028983,32,0.021068,0
HMDB0036657,44,0.021049,0
HMDB0000586,27,0.021038,0
HMDB0041623,39,0.021018,0
HMDB0029762,45,0.020978,0
HMDB0000532,55,0.020972,0
HMDB0000294,30,0.020932,0
HMDB0000957,47,0.020908,0
HMDB0001253,1,0.020835,0
HMDB0000853,4,0.020815,0
HMDB0001439,37,0.020762,0
HMDB0030667,49,0.020488,0
HMDB0001253,34,0.020424,0
HMDB0000896,10,0.020397,0
HMDB0061864,4,0.020397,0
HMDB0000138,55,0.020395,0
HMDB0011116,15,0.020386,0
HMDB0003539,29,0.020284,0
HMDB0000732,37,0.020251,0
HMDB0001396,47,0.020246,0
HMDB0000808,3,0.020163,0
HMDB0000906,45,0.020157,0
HMDB0000742,35,0.020121,1
HMDB0041011,21,0.020042,0
HMDB0003156,21,0.019876,0
HMDB0000318,29,0.019784,0
HMDB0003791,19,0.019705,0
HMDB0002044,52,0.019696,0
HMDB0006335,16,0.019597,0
HMDB0002200,0,0.019453,0
HMDB0060245,13,0.019421,0
HMDB0001960,28,0.019341,0
HMDB0000439,0,0.01924,0
HMDB0000881,1,0.019203,0
HMDB0030180,1,0.019066,0
HMDB0000946,50,0.019045,0
HMDB0000766,8,0.018926,0
HMDB0000045,37,0.018879,0
HMDB0031526,34,0.01881,0
HMDB0000660,15,0.018629,0
HMDB0001431,17,0.018467,0
HMDB0000599,16,0.018386,1
HMDB0003236,33,0.018332,0
HMDB0001554,2,0.018311,0
HMDB0002035,10,0.01829,0
HMDB0001070,42,0.018282,0
HMDB0005800,51,0.018211,0
HMDB0000043,27,0.018068,1
HMDB0012114,7,0.01805,0
HMDB0004224,21,0.018039,0
HMDB0001396,41,0.017981,0
HMDB0003681,17,0.017962,0
HMDB0000391,29,0.01789,0
HMDB0001425,0,0.017886,0
HMDB0000229,19,0.017701,0
HMDB0094682,10,0.017686,0
HMDB0014487,53,0.017522,0
HMDB0000599,3,0.017516,0
HMDB0000357,21,0.01751,0
HMDB0001554,30,0.017399,0
HMDB0001132,32,0.017392,0
HMDB0001989,4,0.017343,0
HMDB0001184,29,0.01725,0
HMDB0000407,4,0.017205,0
HMDB0002497,14,0.017148,0
HMDB0000641,0,0.017135,0
HMDB0094650,52,0.017125,0
HMDB0003539,8,0.017114,0
HMDB0001358,46,0.0171,0
HMDB0000517,20,0.017024,0
HMDB0001106,41,0.016973,0
HMDB0000535,29,0.016871,0
HMDB0001401,32,0.016795,0
HMDB0013695,30,0.016742,0
HMDB0031207,19,0.016732,0
HMDB0030180,55,0.016694,0
HMDB0002189,14,0.016668,0
HMDB0013716,38,0.016642,0
HMDB0059901,16,0.016621,0
HMDB0059709,10,0.016587,0
HMDB0002366,50,0.016542,0
HMDB0034146,35,0.016528,0
HMDB0033890,49,0.016431,0
HMDB0002366,38,0.01636,0
HMDB0012114,46,0.016237,0
HMDB0061883,19,0.01622,0
HMDB0094650,54,0.016054,0
HMDB0033840,45,0.016049,0
HMDB0002364,32,0.016012,0
HMDB0012162,34,0.015925,0
HMDB0000121,18,0.015799,0
HMDB0060494,53,0.015759,0
HMDB0000125,34,0.015694,0
HMDB0029177,41,0.015673,0
HMDB0033944,19,0.015436,0
HMDB0094682,7,0.015426,0
HMDB0000023,7,0.015317,0
HMDB0011733,53,0.01526,0
HMDB0000874,15,0.015238,0
HMDB0001425,30,0.015139,0
HMDB0000904,5,0.015095,0
HMDB0004118,0,0.015066,0
HMDB0036657,5,0.015044,0
HMDB0000957,21,0.015043,0
HMDB0005800,33,0.015034,0
HMDB0034146,0,0.015014,0
HMDB0030180,4,0.014854,0
HMDB0029176,8,0.014761,0
HMDB0000361,29,0.014748,0
HMDB0001522,2,0.014732,0
HMDB0011559,8,0.014622,0
HMDB0001885,19,0.014522,0
HMDB0028795,0,0.014519,0
HMDB0003363,28,0.014512,0
HMDB0000904,6,0.014509,0
HMDB0000122,4,0.014451,0
HMDB0000657,51,0.014435,0
HMDB0012114,5,0.014421,0
HMDB0005842,34,0.014399,0
HMDB0003539,32,0.01438,0
HMDB0004076,41,0.014341,0
HMDB0012819,49,0.014225,0
HMDB0000174,14,0.014211,0
HMDB0062595,53,0.014184,0
HMDB0001553,17,0.014181,0
HMDB0000011,7,0.014167,0
HMDB0037050,34,0.014143,0
HMDB0001960,47,0.014118,0
HMDB0000660,37,0.014112,0
HMDB0000739,19,0.0141,0
HMDB0001431,47,0.014021,0
HMDB0001266,49,0.01392,0
HMDB0002217,19,0.013868,0
HMDB0006478,34,0.013861,0
HMDB0240630,34,0.013861,0
HMDB0001177,46,0.013806,0
HMDB0000763,10,0.013796,0
HMDB0001176,12,0.013762,0
HMDB0000525,2,0.013731,0
HMDB0000121,25,0.013721,0
HMDB0000641,21,0.013644,0
HMDB0062680,14,0.0135,0
HMDB0003366,28,0.013487,0
HMDB0033890,23,0.013402,0
HMDB0000874,3,0.013287,0
HMDB0000294,7,0.013221,0
HMDB0002639,30,0.013195,0
HMDB0003791,47,0.013158,0
HMDB0003539,53,0.013156,0
HMDB0003646,38,0.013094,0
HMDB0094650,36,0.013023,0
HMDB0000439,13,0.012994,0
HMDB0000525,28,0.012954,0
HMDB0000985,32,0.01292,0
HMDB0000017,33,0.012909,0
HMDB0003701,29,0.012863,0
HMDB0000840,1,0.012817,0
HMDB0003156,26,0.012803,0
HMDB0031653,10,0.012803,0
HMDB0003402,31,0.012707,0
HMDB0001132,1,0.012664,0
HMDB0030052,27,0.012662,0
HMDB0011546,1,0.012656,0
HMDB0000036,28,0.012574,0
HMDB0000906,28,0.012533,0
HMDB0062121,35,0.012509,0
HMDB0001933,48,0.0125,0
HMDB0094682,38,0.012478,0
HMDB0013724,2,0.012466,0
HMDB0000450,10,0.012458,0
HMDB0000289,48,0.01245,1
HMDB0001492,12,0.012416,0
HMDB0012162,33,0.012384,0
HMDB0001522,4,0.012334,0
HMDB0034233,10,0.012324,0
HMDB0012819,45,0.012298,0
HMDB0002151,47,0.012229,0
HMDB0000078,55,0.012211,0
HMDB0062121,31,0.012204,0
HMDB0011170,37,0.012178,0
HMDB0004400,24,0.012164,0
HMDB0003374,25,0.012156,0
HMDB0000665,1,0.012135,0
HMDB0000229,4,0.012131,0
HMDB0029082,0,0.012123,0
HMDB0013639,27,0.012081,0
HMDB0000229,41,0.012076,0
HMDB0060494,51,0.012073,0
HMDB0035238,45,0.01204,0
HMDB0002639,10,0.011933,0
HMDB0000207,41,0.011912,0
HMDB0013716,52,0.011897,0
HMDB0005843,10,0.01184,0
HMDB0000127,44,0.011815,0
HMDB0062562,32,0.011806,0
HMDB0041389,33,0.011722,0
HMDB0002061,50,0.01172,1
HMDB0000486,40,0.01168,0
HMDB0003402,5,0.011663,0
HMDB0031231,33,0.011644,0
HMDB0011582,16,0.011629,0
HMDB0000450,31,0.011616,0
HMDB0000738,10,0.011507,1
HMDB0003990,19,0.011493,0
HMDB0031231,10,0.011411,0
HMDB0003453,47,0.011407,0
HMDB0001358,54,0.01134,0
HMDB0029762,23,0.01134,0
HMDB0036657,25,0.011302,0
HMDB0094651,15,0.01129,0
HMDB0000379,45,0.011281,0
HMDB0001988,51,0.011224,0
HMDB0012136,2,0.011124,0
HMDB0002200,38,0.0111,0
HMDB0059777,40,0.011046,0
HMDB0000742,50,0.011021,0
HMDB0004076,34,0.010999,0
HMDB0000732,19,0.010995,0
HMDB0000827,33,0.01099,0
HMDB0034121,31,0.010987,0
HMDB0000483,49,0.010976,0
HMDB0000742,52,0.010962,0
HMDB0001564,28,0.010919,0
HMDB0031482,21,0.010825,0
HMDB0000653,25,0.010768,0
HMDB0030433,20,0.010712,0
HMDB0006478,21,0.01067,1
HMDB0001266,8,0.010663,0
HMDB0003072,4,0.010583,0
HMDB0012819,8,0.010565,0
HMDB0032972,31,0.01056,0
HMDB0001346,33,0.010506,0
HMDB0011539,55,0.010464,0
HMDB0000653,20,0.010441,0
HMDB0001358,18,0.010417,0
HMDB0000291,27,0.010415,0
HMDB0002212,4,0.010358,0
HMDB0000657,20,0.010356,0
HMDB0060478,44,0.010309,0
HMDB0012162,51,0.010304,0
HMDB0003231,41,0.010285,0
HMDB0001982,22,0.010258,0
HMDB0000118,0,0.010249,0
HMDB0001553,34,0.010189,0
HMDB0000333,28,0.010185,0
HMDB0002151,28,0.010178,0
HMDB0000739,47,0.010156,0
HMDB0000230,28,0.010128,0
HMDB0006478,27,0.010115,0
HMDB0094651,3,0.010009,0
HMDB0029091,48,0.010003,0
HMDB0000874,29,0.0099915,0
HMDB0001553,33,0.0099551,0
HMDB0003466,36,0.0098974,0
HMDB0002497,30,0.0097763,0
HMDB0003466,22,0.0097288,0
HMDB0000760,45,0.009682,0
HMDB0000226,31,0.0096361,0
HMDB0000670,22,0.0096286,0
HMDB0000023,54,0.0096188,0
HMDB0001425,23,0.0096136,0
HMDB0034240,34,0.0095295,0
HMDB0033890,51,0.0094828,0
HMDB0059901,37,0.0094296,0
HMDB0060038,55,0.0094108,0
HMDB0004400,30,0.009368,0
HMDB0002580,38,0.0093402,0
HMDB0011558,41,0.0093253,0
HMDB0000078,33,0.0093161,0
HMDB0029086,27,0.0093067,0
HMDB0030180,27,0.0092969,0
HMDB0000143,34,0.0092805,0
HMDB0029087,34,0.0092628,0
HMDB0001369,41,0.0092397,0
HMDB0031207,49,0.0092364,0
HMDB0000036,6,0.0092028,0
HMDB0029129,49,0.009191,0
HMDB0002212,34,0.0091901,0
HMDB0029091,44,0.0091568,0
HMDB0001406,4,0.0091508,0
HMDB0094682,25,0.0091199,0
HMDB0059971,19,0.0091062,0
HMDB0011110,28,0.0089969,0
HMDB0029121,15,0.0089918,0
HMDB0000023,25,0.0089586,0
HMDB0031325,23,0.0089374,0
HMDB0034367,49,0.008933,0
HMDB0240219,1,0.0089186,0
HMDB0012149,27,0.0089161,0
HMDB0005843,23,0.0089044,0
HMDB0001129,44,0.0088986,0
HMDB0094682,36,0.0088336,0
HMDB0000357,6,0.0088134,0
HMDB0035238,21,0.0087989,0
HMDB0003701,41,0.0087946,0
HMDB0000535,47,0.0087917,0
HMDB0000719,38,0.0087887,0
HMDB0003539,55,0.0087651,0
HMDB0000486,35,0.0087441,0
HMDB0001177,50,0.0086071,0
HMDB0003363,18,0.0085643,0
HMDB0001106,4,0.0085532,0
HMDB0029222,14,0.0085523,0
HMDB0240219,47,0.0085488,0
HMDB0013824,27,0.0085463,0
HMDB0010207,33,0.0085307,0
HMDB0030059,14,0.0085162,0
HMDB0001960,50,0.0084953,0
HMDB0059973,51,0.0084772,0
HMDB0002200,50,0.008442,0
HMDB0032972,29,0.0084373,0
HMDB0000126,8,0.0084248,0
HMDB0000486,31,0.0084171,0
HMDB0001106,14,0.0083888,0
HMDB0001545,35,0.0083631,0
HMDB0000653,22,0.0083559,0
HMDB0000598,2,0.0083166,0
HMDB0006236,27,0.0082862,0
HMDB0094682,39,0.0082584,0
HMDB0006834,13,0.0082535,0
HMDB0002189,24,0.0082398,0
HMDB0000819,24,0.0082374,0
HMDB0002217,33,0.0082372,0
HMDB0000138,2,0.0082261,0
HMDB0000896,22,0.0082114,0
HMDB0041693,46,0.0082028,0
HMDB0060071,13,0.0081881,0
HMDB0029129,29,0.0081593,0
HMDB0001885,33,0.0081505,0
HMDB0000247,1,0.0081433,0
HMDB0061883,27,0.0081398,0
HMDB0000729,0,0.0081238,0
HMDB0000138,30,0.0080701,0
HMDB0028902,37,0.0080695,0
HMDB0001431,14,0.0080626,0
HMDB0003231,34,0.0080386,0
HMDB0030667,1,0.0080178,0
HMDB0028764,27,0.0079573,0
HMDB0004220,29,0.0079534,0
HMDB0000193,29,0.0079531,0
HMDB0028734,29,0.00795,0
HMDB0002200,36,0.0079424,0
HMDB0028913,15,0.0079401,0
HMDB0000361,1,0.0079181,0
HMDB0000962,0,0.0079097,0
HMDB0000168,5,0.0078833,0
HMDB0000477,27,0.0078809,0
HMDB0060274,21,0.0078727,0
HMDB0000230,31,0.0078678,0
HMDB0000599,49,0.0078405,0
HMDB0002234,55,0.0078302,0
HMDB0000202,34,0.0078253,0
HMDB0037050,27,0.00782,0
HMDB0002030,1,0.0078108,0
HMDB0001247,49,0.0077873,0
HMDB0001346,14,0.007773,0
HMDB0028735,15,0.0077727,0
HMDB0001514,14,0.0077318,0
HMDB0002234,1,0.0077292,0
HMDB0003638,6,0.0077104,0
HMDB0029190,4,0.0076884,0
HMDB0000763,30,0.0076686,0
HMDB0030667,51,0.0076622,0
HMDB0000827,14,0.0076491,0
HMDB0000172,36,0.0076462,0
HMDB0028764,14,0.0076282,0
HMDB0060024,51,0.0076263,0
HMDB0000218,3,0.0076156,0
HMDB0002712,34,0.0076111,1
HMDB0029937,4,0.0075996,0
HMDB0011110,41,0.0075826,0
HMDB0000657,5,0.0075696,0
HMDB0094651,29,0.0075662,0
HMDB0001266,19,0.0075572,0
HMDB0004400,44,0.0075518,0
HMDB0000819,23,0.0074674,0
HMDB0002234,47,0.0074594,0
HMDB0001198,18,0.0074348,1
HMDB0031325,51,0.0074306,0
HMDB0000295,15,0.0074119,0
HMDB0060478,5,0.007401,0
HMDB0001396,30,0.0073519,0
HMDB0001396,48,0.0073321,0
HMDB0028888,53,0.0073286,0
HMDB0011576,3,0.0073006,0
HMDB0010325,52,0.0072476,0
HMDB0000766,51,0.0072356,0
HMDB0061709,24,0.0072292,0
HMDB0001253,21,0.0071736,0
HMDB0001253,28,0.007172,0
HMDB0000573,27,0.0071652,0
HMDB0000881,13,0.0071181,0
HMDB0000215,14,0.0070629,0
HMDB0013695,25,0.0070614,0
HMDB0000849,26,0.0070475,0
HMDB0006478,4,0.007034,0
HMDB0006894,34,0.0070206,0
HMDB0062595,1,0.0070181,0
HMDB0031230,48,0.0070135,0
HMDB0000357,54,0.0069905,0
HMDB0002030,55,0.0069731,0
HMDB0001015,14,0.0069634,0
HMDB0002271,24,0.006926,0
HMDB0001964,30,0.0069182,0
HMDB0062680,10,0.0068874,0
HMDB0011745,34,0.0068595,0
HMDB0012115,10,0.0068587,0
HMDB0028822,29,0.0068526,0
HMDB0034220,46,0.0068376,0
HMDB0000822,17,0.0068345,0
HMDB0035238,23,0.0068001,0
HMDB0000772,27,0.0067987,0
HMDB0000295,32,0.0067733,0
HMDB0000126,19,0.006769,0
HMDB0003518,0,0.0067654,0
HMDB0000361,41,0.0067433,0
HMDB0034237,51,0.0067405,0
HMDB0006101,10,0.0067336,0
HMDB0001396,28,0.00673,0
HMDB0001058,32,0.0067253,0
HMDB0003072,27,0.0066975,0
HMDB0000954,45,0.0066951,0
HMDB0059851,10,0.0066785,0
HMDB0029082,38,0.0066773,0
HMDB0060024,26,0.0066235,0
HMDB0001314,44,0.0065917,0
HMDB0000532,24,0.0065781,0
HMDB0000107,41,0.0065741,0
HMDB0030667,26,0.0065546,0
HMDB0003646,22,0.0065249,0
HMDB0001253,35,0.0065184,0
HMDB0012173,21,0.0065174,0
HMDB0039229,47,0.0064859,0
HMDB0028795,18,0.0064727,0
HMDB0002200,9,0.0064535,0
HMDB0011116,47,0.0064278,0
HMDB0060038,34,0.0064245,0
HMDB0011552,41,0.0064081,0
HMDB0011170,17,0.0064021,0
HMDB0003217,4,0.0064004,0
HMDB0001129,5,0.0063947,0
HMDB0011107,22,0.0063884,0
HMDB0000962,24,0.0063561,0
HMDB0000226,5,0.0063515,0
HMDB0030667,33,0.0063498,0
HMDB0001263,1,0.0063183,0
HMDB0001149,13,0.0063001,0
HMDB0000739,27,0.0062945,0
HMDB0000439,6,0.0062881,0
HMDB0000291,0,0.0062752,0
HMDB0011576,49,0.0062742,0
HMDB0001245,38,0.0062423,0
HMDB0029182,34,0.0062188,0
HMDB0000415,8,0.0062125,0
HMDB0011579,29,0.0062124,0
HMDB0000853,46,0.0062023,0
HMDB0000450,5,0.0061848,0
HMDB0000660,1,0.0061772,0
HMDB0028840,38,0.006156,0
HMDB0003099,9,0.00615,0
HMDB0000288,14,0.0061463,0
HMDB0001129,6,0.0061326,0
HMDB0000125,28,0.0061214,0
HMDB0012173,7,0.0061132,0
HMDB0000125,44,0.0060889,0
HMDB0059777,31,0.0060805,0
HMDB0004118,6,0.0060748,0
HMDB0000291,24,0.0060707,0
HMDB0000660,17,0.0060689,0
HMDB0034233,28,0.0060279,0
HMDB0001177,9,0.0060265,0
HMDB0031653,14,0.0060053,0
HMDB0000122,0,0.0059808,0
HMDB0000752,55,0.005963,0
HMDB0000107,26,0.0059158,0
HMDB0001425,9,0.0059126,0
HMDB0030059,32,0.0059121,0
HMDB0000400,17,0.0058601,0
HMDB0000739,40,0.0058023,0
HMDB0028900,49,0.0057947,0
HMDB0041822,26,0.0057719,0
HMDB0000520,51,0.0057496,0
HMDB0001201,32,0.0057353,0
HMDB0060071,48,0.0057106,0
HMDB0005843,14,0.0056739,0
HMDB0005842,14,0.0056716,0
HMDB0003518,30,0.0056551,0
HMDB0001852,48,0.0056478,0
HMDB0001885,14,0.0056372,0
HMDB0001396,35,0.0056116,0
HMDB0000174,35,0.0055647,0
HMDB0029086,24,0.0055528,0
HMDB0000960,34,0.0055515,0
HMDB0000291,10,0.0055188,0
HMDB0031230,44,0.0055119,0
HMDB0005800,30,0.0055076,0
HMDB0002432,14,0.0054666,0
HMDB0000532,30,0.0054616,0
HMDB0012157,23,0.0054314,0
HMDB0012149,24,0.0054238,0
HMDB0005800,21,0.005407,0
HMDB0011576,45,0.0053978,0
HMDB0012819,55,0.0053904,0
HMDB0000657,39,0.0053871,0
HMDB0000230,20,0.0053868,0
HMDB0028888,19,0.0053847,0
HMDB0030180,30,0.0053808,0
HMDB0002124,14,0.0053799,0
HMDB0000797,15,0.0053692,0
HMDB0000582,2,0.0053648,0
HMDB0061890,4,0.0052767,0
HMDB0002104,30,0.0052709,0
HMDB0003638,39,0.0052697,0
HMDB0001065,49,0.0052626,0
HMDB0059709,24,0.0051953,0
HMDB0001439,14,0.005191,0
HMDB0029751,27,0.005184,0
HMDB0000107,34,0.0051673,0
HMDB0061883,26,0.0051352,0
HMDB0001492,37,0.0051283,0
HMDB0059973,27,0.0051282,0
HMDB0001201,29,0.0051201,0
HMDB0028878,34,0.0050822,0
HMDB0001247,51,0.0050716,0
HMDB0002902,8,0.0050714,0
HMDB0005949,9,0.0050534,0
HMDB0000415,19,0.0050531,0
HMDB0001314,38,0.00504,0
HMDB0000582,10,0.0050268,0
HMDB0062680,52,0.00502,0
HMDB0000127,22,0.0049973,0
HMDB0029096,10,0.004996,0
HMDB0000078,13,0.0049854,0
HMDB0000397,23,0.0049733,0
HMDB0011170,51,0.004952,0
HMDB0029129,19,0.0049421,0
HMDB0000466,33,0.0049145,0
HMDB0028734,19,0.0049082,0
HMDB0002432,40,0.0048953,0
HMDB0000765,13,0.0048948,0
HMDB0031857,0,0.0048861,0
HMDB0011571,29,0.0048797,0
HMDB0005781,46,0.0048684,0
HMDB0002269,30,0.0048682,0
HMDB0000720,44,0.0048623,0
HMDB0000719,22,0.004853,0
HMDB0028889,49,0.0048512,0
HMDB0001346,2,0.0048289,0
HMDB0011170,41,0.0048199,0
HMDB0002212,13,0.0048117,0
HMDB0000174,6,0.0047876,0
HMDB0012173,5,0.0047752,0
HMDB0002497,36,0.0047508,0
HMDB0000573,13,0.0047474,0
HMDB0031645,30,0.0047411,0
HMDB0034146,20,0.0047252,0
HMDB0001522,48,0.0047103,0
HMDB0000827,24,0.0047043,0
HMDB0000400,55,0.0046867,0
HMDB0000439,25,0.0046795,0
HMDB0003236,52,0.0046748,0
HMDB0003236,23,0.0046646,0
HMDB0000143,0,0.0046627,0
HMDB0002104,44,0.0046588,0
HMDB0006236,14,0.0046571,0
HMDB0001396,54,0.0046432,0
HMDB0029112,0,0.0046423,0
HMDB0000333,13,0.0046395,0
HMDB0000665,13,0.0046359,0
HMDB0003791,2,0.0046325,0
HMDB0012115,23,0.0046243,0
HMDB0006236,2,0.0046054,0
HMDB0000212,31,0.0045971,0
HMDB0003518,7,0.0045924,0
HMDB0034220,52,0.0045921,0
HMDB0003990,40,0.0045809,0
HMDB0000466,10,0.0045798,0
HMDB0028916,29,0.0045774,0
HMDB0002503,30,0.0045712,0
HMDB0029147,36,0.0045529,0
HMDB0011547,14,0.0045428,0
HMDB0000772,13,0.0045361,0
HMDB0012166,48,0.0045311,0
HMDB0028933,55,0.0045146,0
HMDB0000763,5,0.0045078,0
HMDB0029184,24,0.0045046,0
HMDB0034237,32,0.0044926,0
HMDB0012819,34,0.0044789,0
HMDB0003366,32,0.0044697,0
HMDB0000759,25,0.0044551,0
HMDB0028795,9,0.0044534,0
HMDB0028795,22,0.0044533,0
HMDB0028898,45,0.0044507,0
HMDB0030180,7,0.0044153,0
HMDB0003229,40,0.0044113,0
HMDB0001431,13,0.0044086,0
HMDB0012151,10,0.0044069,0
HMDB0000732,14,0.0044007,0
HMDB0029147,9,0.0043944,0
HMDB0003236,54,0.0043783,0
HMDB0000125,5,0.0043721,0
HMDB0002217,13,0.0043654,0
HMDB0003236,18,0.0043519,0
HMDB0001989,7,0.0043471,0
HMDB0000126,55,0.004339,0
HMDB0000954,19,0.0043237,0
HMDB0011578,34,0.0043191,0
HMDB0012173,18,0.0043082,0
HMDB0000483,47,0.0042888,0
HMDB0006478,32,0.0042678,0
HMDB0000247,14,0.004255,0
HMDB0034220,18,0.004253,0
HMDB0000827,10,0.0042453,0
HMDB0000525,46,0.0042449,0
HMDB0029087,0,0.0042387,0
HMDB0000502,36,0.004236,0
HMDB0028933,19,0.0042352,0
HMDB0041971,23,0.0042348,0
HMDB0029096,46,0.0042329,0
HMDB0029086,46,0.0042284,0
HMDB0002030,14,0.0042016,0
HMDB0000215,2,0.0041998,0
HMDB0060071,31,0.0041947,0
HMDB0003791,28,0.0041647,0
HMDB0000853,52,0.0041634,0
HMDB0000695,40,0.0041566,0
HMDB0000397,7,0.0041529,0
HMDB0011117,52,0.0041504,0
HMDB0000822,33,0.0041087,0
HMDB0011559,26,0.0040989,0
HMDB0001964,38,0.004094,0
HMDB0029184,10,0.0040874,0
HMDB0012151,21,0.0040783,0
HMDB0001988,0,0.0040494,0
HMDB0003217,14,0.0040427,0
HMDB0001960,25,0.0040283,0
HMDB0000207,24,0.0040223,0
HMDB0028888,51,0.0040196,0
HMDB0003638,54,0.0040155,0
HMDB0001149,31,0.004012,0
HMDB0000407,7,0.003991,0
HMDB0003312,7,0.0039892,0
HMDB0000665,10,0.0039862,0
HMDB0001397,44,0.0039807,0
HMDB0032076,41,0.0039791,0
HMDB0001396,25,0.0039767,0
HMDB0003345,21,0.003973,0
HMDB0011117,54,0.0039678,0
HMDB0000107,14,0.0039659,0
HMDB0001199,4,0.0039469,0
HMDB0000226,39,0.0039435,0
HMDB0001553,10,0.0039093,0
HMDB0011170,33,0.0039075,0
HMDB0029129,1,0.0038979,0
HMDB0001401,51,0.0038965,0
HMDB0002017,21,0.0038914,0
HMDB0000138,50,0.0038822,0
HMDB0004207,37,0.003825,0
HMDB0000439,18,0.0038217,0
HMDB0028744,19,0.0038115,0
HMDB0003231,13,0.0038111,0
HMDB0000573,10,0.00381,0
HMDB0012176,1,0.003804,0
HMDB0028986,45,0.0037947,0
HMDB0001933,36,0.003792,0
HMDB0006101,18,0.0037901,0
HMDB0000754,7,0.003787,0
HMDB0000391,13,0.00377,0
HMDB0028900,53,0.003736,0
HMDB0000586,30,0.0037318,0
HMDB0011569,29,0.0037288,0
HMDB0002269,35,0.0037284,0
HMDB0000808,27,0.0037277,0
HMDB0033944,51,0.0037128,0
HMDB0000143,10,0.0037103,0
HMDB0029087,10,0.0036848,0
HMDB0002497,22,0.0036827,0
HMDB0000516,5,0.003681,0
HMDB0000215,10,0.0036784,0
HMDB0011570,29,0.0036656,0
HMDB0014487,21,0.0036603,0
HMDB0001088,32,0.0036589,0
HMDB0002104,23,0.0036567,0
HMDB0011588,49,0.0036474,0
HMDB0003236,25,0.0036474,0
HMDB0000212,18,0.0036464,0
HMDB0000665,35,0.0036318,0
HMDB0000772,10,0.0036307,0
HMDB0000143,48,0.0036268,0
HMDB0012173,25,0.0036089,0
HMDB0002217,24,0.003601,0
HMDB0000906,32,0.0035972,0
HMDB0005800,38,0.0035805,0
HMDB0034367,51,0.0035656,0
HMDB0001132,46,0.0035656,0
HMDB0061918,14,0.0035569,0
HMDB0000407,46,0.0035525,0
HMDB0000227,19,0.0035397,0
HMDB0038670,25,0.003528,0
HMDB0001065,10,0.0035252,0
HMDB0001439,0,0.0035089,0
HMDB0013639,7,0.0035006,0
HMDB0011171,1,0.0034931,0
HMDB0001527,39,0.003493,0
HMDB0000477,31,0.0034869,0
HMDB0001885,24,0.003483,0
HMDB0000466,23,0.0034616,0
HMDB0004118,7,0.0034415,0
HMDB0034367,47,0.0034392,0
HMDB0001132,28,0.0034273,0
HMDB0001015,31,0.0034257,0
HMDB0001553,48,0.003412,0
HMDB0001065,21,0.003407,0
HMDB0000759,9,0.0034051,0
HMDB0000397,38,0.0033917,0
HMDB0032972,10,0.0033721,0
HMDB0000853,50,0.0033589,0
HMDB0001546,29,0.0033572,0
HMDB0006483,22,0.0033499,0
HMDB0061709,5,0.003345,0
HMDB0028734,4,0.0033377,0
HMDB0030180,52,0.0033375,0
HMDB0001276,50,0.0033037,0
HMDB0004207,45,0.0033035,0
HMDB0001475,18,0.0033023,0
HMDB0028832,29,0.0033002,0
HMDB0002395,47,0.00329,0
HMDB0002432,2,0.0032888,0
HMDB0002031,39,0.0032736,0
HMDB0005781,54,0.0032704,0
HMDB0062121,5,0.0032673,0
HMDB0000720,50,0.0032333,0
HMDB0002269,38,0.0032213,0
HMDB0003312,38,0.0032192,0
HMDB0012176,50,0.0032126,0
HMDB0003231,2,0.0032082,0
HMDB0002503,9,0.0032019,0
HMDB0004327,38,0.0031917,0
HMDB0003539,10,0.0031879,0
HMDB0005842,24,0.0031752,0
HMDB0002234,13,0.0031574,0
HMDB0041389,32,0.0031398,0
HMDB0003152,4,0.003137,0
HMDB0003213,36,0.0031356,0
HMDB0002104,52,0.0031247,0
HMDB0032076,47,0.0031213,0
HMDB0001266,14,0.0031105,0
HMDB0000122,52,0.0031081,0
HMDB0012115,20,0.0031007,0
HMDB0029222,23,0.0030839,0
HMDB0011733,28,0.0030836,0
HMDB0061918,40,0.0030821,0
HMDB0000379,27,0.0030797,0
HMDB0002035,54,0.0030783,0
HMDB0000138,22,0.0030775,0
HMDB0000094,10,0.0030576,0
HMDB0029222,38,0.0030527,0
HMDB0000763,52,0.0030462,0
HMDB0012136,32,0.0030437,0
HMDB0000840,23,0.0030433,0
HMDB0011574,8,0.003025,0
HMDB0001276,13,0.0030009,0
HMDB0034121,32,0.0029993,0
HMDB0003539,21,0.002993,0
HMDB0001885,28,0.002982,0
HMDB0013724,5,0.0029737,0
HMDB0012149,5,0.0029693,0
HMDB0001397,23,0.0029692,0
HMDB0001852,50,0.0029673,0
HMDB0059901,21,0.0029673,0
HMDB0002212,46,0.00294,0
HMDB0000318,13,0.0029378,0
HMDB0029121,1,0.0029371,0
HMDB0029130,14,0.0029154,0
HMDB0000207,35,0.002915,0
HMDB0060071,36,0.002908,0
HMDB0000486,6,0.0029065,0
HMDB0002035,52,0.0028963,0
HMDB0003701,40,0.002883,0
HMDB0061709,50,0.0028775,0
HMDB0062121,20,0.0028764,0
HMDB0000453,0,0.0028761,0
HMDB0000729,25,0.0028716,0
HMDB0013724,25,0.0028664,0
HMDB0028933,4,0.0028644,0
HMDB0000525,52,0.00285,0
HMDB0000657,52,0.0028425,0
HMDB0062595,24,0.0028364,0
HMDB0029133,41,0.0028363,0
HMDB0028898,19,0.0028177,0
HMDB0003345,38,0.0028153,0
HMDB0001184,24,0.0028092,0
HMDB0002031,9,0.0028083,0
HMDB0001266,40,0.0028061,0
HMDB0011574,45,0.0028057,0
HMDB0002196,32,0.0027957,0
HMDB0028744,41,0.0027881,0
HMDB0001262,50,0.0027831,0
HMDB0003638,52,0.00278,0
HMDB0000477,46,0.002776,0
HMDB0001439,28,0.0027691,0
HMDB0003152,26,0.0027525,0
HMDB0011559,14,0.0027494,0
HMDB0000019,21,0.0027431,0
HMDB0029096,54,0.0027304,0
HMDB0003345,5,0.0027244,0
HMDB0001172,36,0.0027243,0
HMDB0059620,27,0.0027241,0
HMDB0029184,23,0.0027193,0
HMDB0003518,25,0.0027158,0
HMDB0011558,30,0.0027035,0
HMDB0011588,53,0.0027014,0
HMDB0094651,33,0.0026999,0
HMDB0000582,54,0.0026956,0
HMDB0002234,24,0.0026833,0
HMDB0001439,21,0.0026761,0
HMDB0028940,24,0.002673,0
HMDB0059971,0,0.002671,0
HMDB0000874,14,0.0026548,0
HMDB0029121,47,0.0026362,0
HMDB0000150,34,0.002617,0
HMDB0029176,30,0.0026101,0
HMDB0028735,55,0.0026032,0
HMDB0029176,28,0.0025906,0
HMDB0002004,52,0.0025885,0
HMDB0000239,48,0.002588,0
HMDB0002035,39,0.0025877,0
HMDB0240219,30,0.002582,0
HMDB0005199,22,0.0025763,0
HMDB0001517,30,0.0025549,0
HMDB0003229,21,0.0025518,0
HMDB0000720,52,0.0025454,0
HMDB0000525,39,0.0025434,0
HMDB0011731,34,0.002542,0
HMDB0000143,23,0.0025417,0
HMDB0012241,38,0.0025387,0
HMDB0002259,38,0.0025293,0
HMDB0000486,20,0.0025231,0
HMDB0001201,4,0.0025212,0
HMDB0012151,6,0.0025208,0
HMDB0011577,19,0.0025188,0
HMDB0029423,18,0.0025149,0
HMDB0000985,38,0.0025045,0
HMDB0011576,41,0.0025024,0
HMDB0002902,33,0.0024988,0
HMDB0000535,24,0.0024973,0
HMDB0028764,6,0.0024962,0
HMDB0029182,10,0.0024819,0
HMDB0000227,51,0.0024774,0
HMDB0012115,22,0.0024759,0
HMDB0031526,48,0.0024716,0
HMDB0011745,21,0.0024618,0
HMDB0002217,35,0.0024596,0
HMDB0032972,4,0.0024554,0
HMDB0001527,9,0.0024476,0
HMDB0029423,25,0.0024465,0
HMDB0002217,31,0.0024411,0
HMDB0003539,31,0.0024337,0
HMDB0000122,36,0.0024303,0
HMDB0001522,13,0.002422,0
HMDB0004649,15,0.0024201,0
HMDB0028744,4,0.0024145,0
HMDB0002175,46,0.0024118,0
HMDB0000212,22,0.0024087,0
HMDB0003539,38,0.0024066,0
HMDB0000169,31,0.0023979,0
HMDB0000772,23,0.0023962,0
HMDB0000019,46,0.002392,0
HMDB0005794,38,0.0023892,0
HMDB0059777,22,0.0023889,0
HMDB0030180,39,0.0023715,0
HMDB0028913,1,0.0023685,0
HMDB0029184,6,0.0023649,0
HMDB0001522,6,0.0023622,0
HMDB0000477,5,0.0023561,0
HMDB0000532,18,0.0023527,0
HMDB0000118,25,0.0023391,0
HMDB0059901,23,0.0023367,0
HMDB0029182,28,0.0023363,0
HMDB0000295,4,0.0023259,0
HMDB0003936,42,0.0023186,0
HMDB0029086,50,0.002318,0
HMDB0005794,5,0.0023172,0
HMDB0028888,14,0.0023074,0
HMDB0029762,1,0.0023063,0
HMDB0000582,25,0.0023038,0
HMDB0011116,30,0.0023026,0
HMDB0002234,21,0.0022924,0
HMDB0001132,18,0.0022869,0
HMDB0034240,0,0.0022863,0
HMDB0000227,4,0.0022833,0
HMDB0001492,17,0.0022752,0
HMDB0059973,7,0.0022745,0
HMDB0001401,27,0.0022678,0
HMDB0029087,5,0.0022604,0
HMDB0029112,54,0.0022422,0
HMDB0003072,52,0.0022399,0
HMDB0000126,13,0.0022397,0
HMDB0000573,38,0.0022359,0
HMDB0003681,5,0.0022351,0
HMDB0000379,13,0.0022208,0
HMDB0001346,20,0.0022183,0
HMDB0012241,52,0.002215,0
HMDB0059709,50,0.0022024,0
HMDB0029133,34,0.0021997,0
HMDB0006857,9,0.0021913,0
HMDB0003366,6,0.0021906,0
HMDB0001397,36,0.0021889,0
HMDB0000078,6,0.0021819,0
HMDB0029182,48,0.0021694,0
HMDB0006894,5,0.0021634,0
HMDB0000407,18,0.0021611,0
HMDB0001960,13,0.0021545,0
HMDB0005794,52,0.0021508,0
HMDB0001031,5,0.002148,0
HMDB0000247,28,0.0021438,0
HMDB0006335,47,0.0021408,0
HMDB0001346,39,0.0021324,0
HMDB0029087,52,0.0021203,0
HMDB0012149,36,0.0021187,0
HMDB0014389,39,0.0021089,0
HMDB0000318,31,0.0021088,0
HMDB0000483,13,0.0021044,0
HMDB0000739,54,0.0020994,0
HMDB0002259,50,0.0020993,0
HMDB0011116,44,0.002092,0
HMDB0000466,40,0.0020735,0
HMDB0000665,6,0.0020673,0
HMDB0001201,34,0.0020657,0
HMDB0001031,6,0.0020614,0
HMDB0000361,21,0.002059,0
HMDB0028913,4,0.0020543,0
HMDB0000202,23,0.0020426,0
HMDB0060494,20,0.0020361,0
HMDB0000906,6,0.0020341,0
HMDB0011110,6,0.0020322,0
HMDB0060024,7,0.0020302,0
HMDB0001369,7,0.0020252,0
HMDB0059901,32,0.0020214,0
HMDB0001067,22,0.0020191,0
HMDB0000107,46,0.0020173,0
HMDB0029087,54,0.0020144,0
HMDB0003990,31,0.0020056,0
HMDB0001514,36,0.0020036,0
HMDB0061890,2,0.0020024,0
HMDB0001253,22,0.0019955,0
HMDB0001439,38,0.0019867,0
HMDB0028935,51,0.0019857,0
HMDB0011570,17,0.0019857,0
HMDB0000819,54,0.0019852,0
HMDB0039229,28,0.0019839,0
HMDB0028935,47,0.0019826,0
HMDB0001514,20,0.0019803,0
HMDB0000732,35,0.0019703,0
HMDB0061918,24,0.0019654,0
HMDB0002104,9,0.0019652,0
HMDB0013724,44,0.0019553,0
HMDB0000766,46,0.0019548,0
HMDB0000588,52,0.0019544,0
HMDB0003366,38,0.0019489,0
HMDB0001031,54,0.0019488,0
HMDB0000291,39,0.0019369,0
HMDB0028889,41,0.0019368,0
HMDB0010207,18,0.0019288,0
HMDB0000122,9,0.0019288,0
HMDB0028916,51,0.0019244,0
HMDB0001132,36,0.0019233,0
HMDB0028916,47,0.0019215,0
HMDB0011116,7,0.0019176,0
HMDB0006894,18,0.0019136,0
HMDB0002259,54,0.001913,0
HMDB0005800,9,0.001913,0
HMDB0000849,31,0.0019114,0
HMDB0002271,44,0.0019093,0
HMDB0003217,35,0.0019071,0
HMDB0059709,13,0.0018942,0
HMDB0011581,1,0.001889,0
HMDB0039229,46,0.0018889,0
HMDB0028898,4,0.0018884,0
HMDB0001149,39,0.0018873,0
HMDB0003217,44,0.001886,0
HMDB0011171,14,0.0018792,0
HMDB0000391,35,0.0018791,0
HMDB0011573,1,0.0018756,0
HMDB0041011,44,0.0018748,0
HMDB0033944,0,0.0018746,0
HMDB0039229,35,0.0018673,0
HMDB0006335,55,0.0018659,0
HMDB0002030,7,0.0018593,0
HMDB0000906,44,0.0018537,0
HMDB0039229,44,0.0018471,0
HMDB0002234,7,0.0018376,0
HMDB0028900,34,0.0018337,0
HMDB0029176,23,0.0018308,0
HMDB0011583,19,0.0018273,0
HMDB0003990,5,0.0018269,0
HMDB0000840,20,0.0018266,0
HMDB0002395,40,0.001825,0
HMDB0004076,50,0.0018247,0
HMDB0011540,38,0.0018123,0
HMDB0000045,6,0.0017989,0
HMDB0011570,1,0.0017941,0
HMDB0029937,23,0.0017885,0
HMDB0001397,22,0.0017882,0
HMDB0029086,22,0.0017831,0
HMDB0012136,5,0.0017818,0
HMDB0029112,36,0.0017794,0
HMDB0003681,20,0.0017793,0
HMDB0011745,23,0.0017685,0
HMDB0061709,22,0.0017605,0
HMDB0000520,10,0.0017543,0
HMDB0001522,25,0.0017508,0
HMDB0000822,24,0.001748,0
HMDB0061890,21,0.0017429,0
HMDB0000573,50,0.0017356,0
HMDB0032972,14,0.0017356,0
HMDB0000808,48,0.0017343,0
HMDB0001553,20,0.0017331,0
HMDB0000491,5,0.0017307,0
HMDB0000118,18,0.0017269,0
HMDB0000998,44,0.0017261,0
HMDB0000318,7,0.0017209,0
HMDB0001065,28,0.0017191,0
HMDB0000288,36,0.0017133,0
HMDB0011539,38,0.0017114,0
HMDB0001545,9,0.0017027,0
HMDB0031482,1,0.0017007,0
HMDB0000849,23,0.0017002,0
HMDB0000247,31,0.0016939,0
HMDB0011540,6,0.0016839,0
HMDB0000765,50,0.0016818,0
HMDB0000808,35,0.0016743,0
HMDB0240219,38,0.0016721,0
HMDB0004076,54,0.0016714,0
HMDB0029087,20,0.0016704,0
HMDB0002902,40,0.0016651,0
HMDB0000772,54,0.0016647,0
HMDB0059971,35,0.001661,0
HMDB0012819,28,0.0016531,0
HMDB0000849,5,0.0016469,0
HMDB0011559,2,0.0016465,0
HMDB0000379,10,0.001644,0
HMDB0000045,18,0.0016422,0
HMDB0028715,55,0.0016325,0
HMDB0001031,25,0.0016299,0
HMDB0001546,55,0.0016273,0
HMDB0240219,5,0.0016267,0
HMDB0001964,36,0.001622,0
HMDB0000169,36,0.0016208,0
HMDB0028734,13,0.001609,0
HMDB0028744,27,0.0016076,0
HMDB0000239,6,0.0016072,0
HMDB0006821,50,0.0016022,0
HMDB0001106,20,0.001601,0
HMDB0059901,2,0.0015931,0
HMDB0060038,23,0.0015928,0
HMDB0002030,23,0.0015749,0
HMDB0003453,30,0.0015678,0
HMDB0029762,30,0.0015593,0
HMDB0011558,54,0.0015553,0
HMDB0003514,19,0.0015541,0
HMDB0029130,10,0.0015535,0
HMDB0001199,24,0.0015531,0
HMDB0000808,46,0.0015461,0
HMDB0029182,38,0.001545,0
HMDB0002259,39,0.0015319,0
HMDB0000765,39,0.0015286,0
HMDB0028938,26,0.0015248,0
HMDB0029226,7,0.0015247,0
HMDB0000402,25,0.0015202,0
HMDB0028938,34,0.0015149,0
HMDB0005801,38,0.0015135,0
HMDB0011116,6,0.0015054,0
HMDB0000732,5,0.0015019,0
HMDB0000822,21,0.0015008,0
HMDB0001439,50,0.0014837,0
HMDB0000407,36,0.0014763,0
HMDB0000169,39,0.0014758,0
HMDB0060024,54,0.0014754,0
HMDB0012798,13,0.0014743,0
HMDB0000753,6,0.0014618,0
HMDB0033908,50,0.0014551,0
HMDB0061890,46,0.0014494,0
HMDB0001330,10,0.0014458,0
HMDB0000215,22,0.0014441,0
HMDB0028888,24,0.0014408,0
HMDB0006404,32,0.0014342,0
HMDB0028713,1,0.0014321,0
HMDB0011171,13,0.0014307,0
HMDB0011170,48,0.00142,0
HMDB0000126,44,0.0014197,0
HMDB0003229,54,0.0014175,0
HMDB0011588,47,0.0014125,0
HMDB0000094,25,0.0014115,0
HMDB0011574,1,0.0014094,0
HMDB0032076,2,0.0014044,0
HMDB0001131,38,0.001403,0
HMDB0012819,35,0.0013984,0
HMDB0003681,39,0.0013958,0
HMDB0000739,22,0.0013892,0
HMDB0000752,31,0.0013889,0
HMDB0031857,30,0.0013859,0
HMDB0028888,2,0.0013846,0
HMDB0028917,34,0.0013825,0
HMDB0028832,4,0.0013788,0
HMDB0000960,36,0.001369,0
HMDB0000247,18,0.0013599,0
HMDB0000695,54,0.0013551,0
HMDB0029182,54,0.001341,0
HMDB0000288,22,0.0013409,0
HMDB0000483,44,0.0013329,0
HMDB0029126,14,0.0013253,0
HMDB0004327,18,0.0013251,0
HMDB0059971,54,0.0013152,0
HMDB0000391,36,0.0013128,0
HMDB0003231,25,0.0013055,0
HMDB0001517,25,0.0013001,0
HMDB0000391,25,0.0013,0
HMDB0001988,54,0.0012998,0
HMDB0029937,36,0.001291,0
HMDB0059989,44,0.0012909,0
HMDB0028903,13,0.0012863,0
HMDB0041389,30,0.0012851,0
HMDB0011540,36,0.0012842,0
HMDB0006894,22,0.001284,0
HMDB0034121,0,0.0012828,0
HMDB0030667,18,0.0012796,0
HMDB0004327,9,0.0012737,0
HMDB0000202,39,0.0012622,0
HMDB0001375,32,0.0012587,0
HMDB0002432,20,0.0012554,0
HMDB0028954,31,0.0012459,0
HMDB0000361,36,0.0012406,0
HMDB0006821,22,0.00124,0
HMDB0029133,13,0.0012362,0
HMDB0001199,46,0.00123,0
HMDB0000477,9,0.0012295,0
HMDB0003229,20,0.001223,0
HMDB0028939,1,0.0012226,0
HMDB0000766,18,0.0012178,0
HMDB0011745,25,0.0012172,0
HMDB0000486,36,0.0012158,0
HMDB0094648,10,0.0012117,0
HMDB0002124,39,0.0012098,0
HMDB0033908,13,0.0012096,0
HMDB0001106,7,0.0012082,0
HMDB0003791,25,0.0012032,0
HMDB0031342,13,0.0011998,0
HMDB0000957,7,0.0011928,0
HMDB0000361,50,0.0011913,0
HMDB0011589,1,0.0011866,0
HMDB0001176,24,0.0011817,0
HMDB0034237,13,0.0011748,0
HMDB0011171,24,0.0011747,0
HMDB0000998,18,0.0011715,0
HMDB0041389,13,0.0011714,0
HMDB0004076,22,0.0011707,0
HMDB0094651,2,0.0011691,0
HMDB0011547,36,0.0011655,0
HMDB0000960,22,0.0011618,0
HMDB0028939,51,0.0011616,0
HMDB0000477,36,0.0011616,0
HMDB0001439,9,0.0011587,0
HMDB0028889,27,0.0011488,0
HMDB0001058,34,0.0011429,0
HMDB0030052,5,0.0011366,0
HMDB0000849,39,0.0011353,0
HMDB0001885,39,0.0011327,0
HMDB0001263,6,0.0011323,0
HMDB0000415,28,0.0011299,0
HMDB0028954,7,0.0011194,0
HMDB0031653,13,0.0011187,0
HMDB0000985,52,0.0011182,0
HMDB0000520,18,0.0011156,0
HMDB0000906,46,0.0011155,0
HMDB0034367,30,0.0011116,0
HMDB0004076,9,0.0011098,0
HMDB0002030,50,0.0011087,0
HMDB0033890,25,0.0011087,0
HMDB0000598,9,0.0011083,0
HMDB0003701,48,0.0010997,0
HMDB0000017,9,0.0010941,0
HMDB0000738,13,0.0010937,0
HMDB0031526,38,0.0010879,0
HMDB0000874,35,0.0010868,0
HMDB0059971,36,0.0010852,0
HMDB0000863,52,0.0010841,0
HMDB0011733,9,0.0010838,0
HMDB0028888,35,0.0010824,0
HMDB0028898,40,0.0010734,0
HMDB0003514,4,0.0010714,0
HMDB0061883,50,0.0010707,0
HMDB0011553,23,0.0010665,0
HMDB0031231,30,0.0010626,0
HMDB0011582,26,0.0010584,0
HMDB0000193,21,0.0010574,0
HMDB0060038,20,0.0010554,0
HMDB0041389,5,0.0010542,0
HMDB0000239,39,0.001052,0
HMDB0029131,30,0.0010251,0
HMDB0031217,7,0.0010248,0
HMDB0001176,30,0.0010209,0
HMDB0028917,27,0.001019,0
HMDB0031653,20,0.0010156,0
HMDB0000732,36,0.0010064,0
HMDB0000118,36,0.0010044,0
HMDB0002364,21,0.0010033,0
HMDB0000599,32,0.0010032,0
HMDB0000752,5,0.00099923,0
HMDB0011589,4,0.00099754,0
HMDB0094651,31,0.00096865,0
HMDB0001492,13,0.00096808,0
HMDB0001247,46,0.00096682,0
HMDB0000874,23,0.00096497,0
HMDB0032972,24,0.00096318,0
HMDB0012176,22,0.00096267,0
HMDB0002234,39,0.00095997,0
HMDB0000492,9,0.00095962,0
HMDB0034367,35,0.00095179,0
HMDB0028734,35,0.00094806,0
HMDB0000520,25,0.00093785,0
HMDB0001893,13,0.00093329,0
HMDB0000766,36,0.00092913,0
HMDB0000126,54,0.00092869,0
HMDB0011559,6,0.00091277,0
HMDB0002902,44,0.00091015,0
HMDB0029131,44,0.00091004,0
HMDB0001088,29,0.00090667,0
HMDB0006478,6,0.00090487,0
HMDB0000752,52,0.00089852,0
HMDB0000400,25,0.00089715,0
HMDB0059620,5,0.0008966,0
HMDB0240219,36,0.00088574,0
HMDB0000760,54,0.00088528,0
HMDB0029140,44,0.00088443,0
HMDB0011544,25,0.00088178,0
HMDB0000150,7,0.00088133,0
HMDB0000193,31,0.00087919,0
HMDB0030667,9,0.0008752,0
HMDB0033840,6,0.00087359,0
HMDB0000227,2,0.0008717,0
HMDB0041822,38,0.00087037,0
HMDB0011544,36,0.00086949,0
HMDB0004649,1,0.00086757,0
HMDB0028744,10,0.00086578,0
HMDB0059971,22,0.00086532,0
HMDB0059620,6,0.00086098,0
HMDB0002030,9,0.00086016,0
HMDB0028935,13,0.00085967,0
HMDB0000318,39,0.00085956,0
HMDB0005842,44,0.00085547,0
HMDB0059620,52,0.0008516,0
HMDB0004649,17,0.00085077,0
HMDB0029226,18,0.00085007,0
HMDB0059989,18,0.0008473,0
HMDB0000295,28,0.00084415,0
HMDB0028954,6,0.00084091,0
HMDB0062595,39,0.00083913,0
HMDB0029131,7,0.00083683,0
HMDB0012162,54,0.00082774,0
HMDB0001401,23,0.0008223,0
HMDB0008328,55,0.00081372,0
HMDB0011578,36,0.00080884,0
HMDB0000954,48,0.00080822,0
HMDB0013824,13,0.00080531,0
HMDB0240630,38,0.00080491,0
HMDB0001266,20,0.00080028,0
HMDB0029121,21,0.00079922,0
HMDB0028902,31,0.00079381,0
HMDB0012819,20,0.00078865,0
HMDB0028966,13,0.00078845,0
HMDB0000466,48,0.00078808,0
HMDB0028713,14,0.00078735,0
HMDB0031343,54,0.00078681,0
HMDB0002432,9,0.00078532,0
HMDB0034237,25,0.00077188,0
HMDB0011574,14,0.00076974,0
HMDB0028898,0,0.00076543,0
HMDB0001492,2,0.00076357,0
HMDB0012131,14,0.00074889,0
HMDB0029129,38,0.00074742,0
HMDB0000906,18,0.00074647,0
HMDB0003152,1,0.00074493,0
HMDB0000598,18,0.00073934,0
HMDB0000483,36,0.00073627,0
HMDB0000520,22,0.00073386,0
HMDB0000906,9,0.00072802,0
HMDB0001184,38,0.00072718,0
HMDB0000535,6,0.0007269,0
HMDB0002151,22,0.00072522,0
HMDB0062595,22,0.00072355,0
HMDB0030059,54,0.0007231,0
HMDB0002364,6,0.00072056,0
HMDB0094651,23,0.00071822,0
HMDB0001893,2,0.00071627,0
HMDB0000822,50,0.0007145,0
HMDB0012275,6,0.00071228,0
HMDB0012157,30,0.00071157,0
HMDB0011274,55,0.00071029,0
HMDB0003514,14,0.00070457,0
HMDB0028800,38,0.0007033,0
HMDB0094648,54,0.00070247,0
HMDB0011559,20,0.00069969,0
HMDB0001106,22,0.00069861,0
HMDB0000954,7,0.00069663,0
HMDB0029129,52,0.00069493,0
HMDB0008163,29,0.00069179,0
HMDB0011544,9,0.00069142,0
HMDB0028744,31,0.00068995,0
HMDB0029130,39,0.00068994,0
HMDB0029131,38,0.00067662,0
HMDB0000954,46,0.00067587,0
HMDB0006335,28,0.00067166,0
HMDB0000150,52,0.00066746,0
HMDB0000822,52,0.0006636,0
HMDB0011576,35,0.00066328,0
HMDB0001492,48,0.00066222,0
HMDB0011581,0,0.00066037,0
HMDB0033840,25,0.00064722,0
HMDB0000957,52,0.0006455,0
HMDB0011307,55,0.00063937,0
HMDB0004327,36,0.0006384,0
HMDB0031857,46,0.00063809,0
HMDB0001330,36,0.00063651,0
HMDB0011578,9,0.00063589,0
HMDB0011570,0,0.00063128,0
HMDB0000822,25,0.00062886,0
HMDB0031207,7,0.00062683,0
HMDB0028917,0,0.00062191,0
HMDB0012819,9,0.00062128,0
HMDB0000193,54,0.00061887,0
HMDB0028822,52,0.00061427,0
HMDB0001058,0,0.00061294,0
HMDB0000752,36,0.00061289,0
HMDB0028889,30,0.00060836,0
HMDB0013434,55,0.00060406,0
HMDB0028888,36,0.00060179,0
HMDB0028913,31,0.00060082,0
HMDB0001330,39,0.00059587,0
HMDB0028900,44,0.00059418,0
HMDB0028722,13,0.00059124,0
HMDB0031342,46,0.00059022,0
HMDB0000061,24,0.00058992,0
HMDB0000280,41,0.00058918,0
HMDB0006236,7,0.00058659,0
HMDB0028917,2,0.0005841,0
HMDB0011571,7,0.00058338,0
HMDB0012157,6,0.00058243,0
HMDB0002364,25,0.0005696,0
HMDB0002364,50,0.00056872,0
HMDB0000466,50,0.00056376,0
HMDB0011577,28,0.00056174,0
HMDB0029762,22,0.00056096,0
HMDB0028938,30,0.0005568,0
HMDB0011581,30,0.00055597,0
HMDB0034233,46,0.00055274,0
HMDB0031325,54,0.00054753,0
HMDB0000954,5,0.00054668,0
HMDB0011577,21,0.00054435,0
HMDB0011588,24,0.00054258,0
HMDB0003701,20,0.00054195,0
HMDB0034367,50,0.00054115,0
HMDB0031526,22,0.00053688,0
HMDB0011569,10,0.0005329,0
HMDB0003555,34,0.00053165,0
HMDB0011307,29,0.00053079,0
HMDB0011573,28,0.00052974,0
HMDB0059620,9,0.00052916,0
HMDB0029121,52,0.00052813,0
HMDB0028966,48,0.000526,0
HMDB0011570,10,0.00052369,0
HMDB0028917,30,0.00052343,0
HMDB0059901,48,0.00052227,0
HMDB0028983,0,0.00052215,0
HMDB0004649,14,0.00051675,0
HMDB0011583,0,0.00051631,0
HMDB0001330,9,0.00051548,0
HMDB0011573,21,0.00051335,0
HMDB0012798,25,0.00051228,0
HMDB0028712,25,0.0005102,0
HMDB0001199,22,0.00050956,0
HMDB0028916,31,0.00050804,0
HMDB0000061,30,0.00050723,0
HMDB0011570,28,0.00050694,0
HMDB0028713,0,0.00050583,0
HMDB0028935,7,0.00050425,0
HMDB0000985,36,0.00050127,0
HMDB0041822,39,0.00050045,0
HMDB0028889,7,0.00049758,0
HMDB0000227,5,0.0004968,0
HMDB0029129,39,0.00049573,0
HMDB0029125,38,0.00049438,0
HMDB0029131,36,0.00049354,0
HMDB0028823,30,0.00049128,0
HMDB0011589,13,0.00048986,0
HMDB0028823,10,0.00048681,0
HMDB0004207,30,0.0004867,0
HMDB0000863,36,0.00048598,0
HMDB0008026,37,0.0004822,0
HMDB0011568,48,0.00048208,0
HMDB0029140,36,0.00047994,0
HMDB0001088,17,0.00047952,0
HMDB0000295,25,0.00047779,0
HMDB0011568,46,0.00047717,0
HMDB0011571,23,0.00047502,0
HMDB0028933,25,0.00047438,0
HMDB0001058,44,0.0004733,0
HMDB0028986,48,0.00047253,0
HMDB0011571,38,0.00047147,0
HMDB0006478,54,0.00047014,0
HMDB0011576,54,0.00046905,0
HMDB0001276,36,0.00046087,0
HMDB0029126,5,0.00046084,0
HMDB0006899,30,0.00045922,0
HMDB0000295,20,0.00045813,0
HMDB0000466,13,0.00045471,0
HMDB0012131,2,0.00045141,0
HMDB0013418,29,0.00045125,0
HMDB0028955,36,0.00045074,0
HMDB0031342,22,0.00044879,0
HMDB0031857,52,0.00044717,0
HMDB0000822,9,0.00044645,0
HMDB0003514,2,0.00044248,0
HMDB0028983,30,0.00043921,0
HMDB0028939,0,0.00043507,0
HMDB0011582,2,0.0004329,0
HMDB0011568,7,0.00042969,0
HMDB0001176,9,0.00042706,0
HMDB0001088,41,0.0004259,0
HMDB0029129,22,0.00042566,0
HMDB0028917,7,0.00042505,0
HMDB0028722,10,0.00042415,0
HMDB0028713,10,0.00042296,0
HMDB0000797,54,0.00042212,0
HMDB0001893,6,0.0004204,0
HMDB0034367,22,0.0004186,0
HMDB0029121,50,0.00041771,0
HMDB0029121,25,0.00041566,0
HMDB0005843,22,0.00041275,0
HMDB0028900,6,0.00041129,0
HMDB0011571,18,0.00041079,0
HMDB0031342,52,0.00041064,0
HMDB0000150,22,0.00040946,0
HMDB0011583,28,0.00040879,0
HMDB0000193,9,0.00040828,0
HMDB0011570,31,0.00040755,0
HMDB0031482,22,0.00040733,0
HMDB0006899,46,0.00040719,0
HMDB0012798,9,0.00040466,0
HMDB0028983,48,0.00040206,0
HMDB0003514,48,0.00038982,0
HMDB0001546,18,0.0003883,0
HMDB0011583,44,0.00038424,0
HMDB0028900,54,0.00038351,0
HMDB0028832,31,0.00038089,0
HMDB0028935,6,0.00037828,0
HMDB0028713,44,0.00037643,0
HMDB0028938,38,0.00036363,0
HMDB0006335,36,0.0003631,0
HMDB0028715,31,0.00036235,0
HMDB0034233,18,0.00036066,0
HMDB0011569,38,0.00035655,0
HMDB0028938,5,0.00035251,0
HMDB0001492,25,0.00034943,0
HMDB0008276,55,0.00034844,0
HMDB0000797,36,0.00034787,0
HMDB0028722,7,0.00034756,0
HMDB0028935,18,0.00034682,0
HMDB0000453,39,0.00034457,0
HMDB0001546,50,0.00034402,0
HMDB0028917,38,0.00034236,0
HMDB0028966,52,0.00033997,0
HMDB0013438,55,0.00033465,0
HMDB0032076,50,0.00033204,0
HMDB0006478,18,0.00033183,0
HMDB0000797,39,0.00032969,0
HMDB0029125,39,0.00032787,0
HMDB0006335,39,0.00032712,0
HMDB0031231,18,0.00032258,0
HMDB0013425,29,0.00032199,0
HMDB0011571,39,0.00031468,0
HMDB0033840,9,0.00031243,0
HMDB0011570,18,0.00030411,0
HMDB0028939,35,0.00030396,0
HMDB0000954,36,0.00029982,0
HMDB0004207,52,0.0002991,0
HMDB0011244,29,0.00029864,0
HMDB0012157,39,0.00029784,0
HMDB0028935,20,0.00029602,0
HMDB0028917,54,0.00029536,0
HMDB0008232,29,0.00029523,0
HMDB0031207,9,0.000293,0
HMDB0004649,48,0.00029252,0
HMDB0028917,18,0.00029169,0
HMDB0011577,25,0.00029074,0
HMDB0028713,23,0.00028864,0
HMDB0028983,38,0.00028721,0
HMDB0061883,52,0.00028643,0
HMDB0034240,54,0.00028544,0
HMDB0028898,39,0.00028307,0
HMDB0003152,7,0.00028263,0
HMDB0008272,55,0.00028249,0
HMDB0029125,22,0.00028152,0
HMDB0004207,54,0.00028055,0
HMDB0028713,38,0.00028002,0
HMDB0040272,52,0.00027955,0
HMDB0001070,8,0.00027932,0
HMDB0008564,37,0.00027701,0
HMDB0001065,44,0.00027619,0
HMDB0000061,50,0.00027474,0
HMDB0003152,25,0.00027369,0
HMDB0028832,18,0.00027199,0
HMDB0011581,25,0.00026945,0
HMDB0011574,5,0.00026635,0
HMDB0028757,9,0.00026573,0
HMDB0008140,29,0.0002616,0
HMDB0008200,29,0.00026129,0
HMDB0028916,39,0.00026029,0
HMDB0003555,10,0.00025432,0
HMDB0008569,29,0.00025389,0
HMDB0059901,20,0.00025353,0
HMDB0004649,7,0.00025306,0
HMDB0008014,29,0.00025238,0
HMDB0008535,29,0.00025144,0
HMDB0008201,29,0.00024937,0
HMDB0003514,54,0.00024527,0
HMDB0008014,55,0.00024444,0
HMDB0028713,18,0.00024324,0
HMDB0028924,9,0.00024216,0
HMDB0003555,21,0.00024089,0
HMDB0011574,18,0.00023931,0
HMDB0002255,4,0.00023872,0
HMDB0002255,55,0.00023777,0
HMDB0000280,10,0.00023591,0
HMDB0008016,29,0.00023575,0
HMDB0028832,50,0.00023131,0
HMDB0032076,5,0.00023016,0
HMDB0008016,55,0.00022966,0
HMDB0001065,7,0.00022873,0
HMDB0008626,29,0.00022779,0
HMDB0013458,29,0.00022572,0
HMDB0011582,54,0.00022568,0
HMDB0008332,29,0.00022492,0
HMDB0011258,29,0.00022349,0
HMDB0028986,39,0.00022161,0
HMDB0008594,29,0.00021419,0
HMDB0028966,22,0.00021184,0
HMDB0028983,25,0.00021019,0
HMDB0011583,36,0.0002101,0
HMDB0004649,23,0.00020881,0
HMDB0028713,50,0.00020749,0
HMDB0001088,0,0.00020291,0
HMDB0000466,39,0.0002007,0
HMDB0011311,29,0.00019666,0
HMDB0034240,9,0.00019447,0
HMDB0008210,55,0.00019403,0
HMDB0008204,29,0.00018883,0
HMDB0008597,55,0.00018803,0
HMDB0003940,8,0.00018714,0
HMDB0028823,9,0.00018661,0
HMDB0033908,36,0.00018581,0
HMDB0031342,36,0.00018511,0
HMDB0004207,9,0.00018488,0
HMDB0004649,18,0.00018369,0
HMDB0008537,41,0.00018273,0
HMDB0011280,29,0.00018218,0
HMDB0011280,55,0.00018139,0
HMDB0003948,37,0.00018089,0
HMDB0012131,39,0.00017712,0
HMDB0002017,54,0.00017661,0
HMDB0008306,29,0.00017411,0
HMDB0008340,29,0.00017142,0
HMDB0008798,29,0.00017136,0
HMDB0008306,55,0.00017045,0
HMDB0008216,29,0.00016841,0
HMDB0008566,55,0.00016822,0
HMDB0005843,36,0.0001659,0
HMDB0008169,29,0.00016476,0
HMDB0011583,22,0.00016413,0
HMDB0008402,55,0.00016194,0
HMDB0008150,45,0.0001603,0
HMDB0008400,55,0.00016014,0
HMDB0240630,36,0.00015979,0
HMDB0003938,12,0.00015903,0
HMDB0008211,55,0.00015881,0
HMDB0008210,29,0.00015764,0
HMDB0013449,55,0.00015722,0
HMDB0008115,29,0.00015597,0
HMDB0004649,36,0.0001532,0
HMDB0008799,55,0.00015082,0
HMDB0000280,54,0.00014997,0
HMDB0008183,29,0.00014708,0
HMDB0008605,55,0.00014589,0
HMDB0003152,52,0.00014555,0
HMDB0031207,36,0.00014467,0
HMDB0001248,1,0.00014184,1
HMDB0003555,25,0.00013892,0
HMDB0006236,36,0.00013855,0
HMDB0008211,29,0.00013708,0
HMDB0003555,50,0.00013627,0
HMDB0008572,29,0.0001346,0
HMDB0001088,31,0.00013459,0
HMDB0034121,22,0.00013444,0
HMDB0011589,22,0.00013329,0
HMDB0003152,9,0.00013209,0
HMDB0032972,22,0.0001249,0
HMDB0011309,34,0.00012332,0
HMDB0008199,34,0.00011985,0
HMDB0013437,41,0.0001165,0
HMDB0008200,19,0.00011494,0
HMDB0034121,9,0.00010973,0
HMDB0008251,55,0.00010948,0
HMDB0006402,19,0.00010948,0
HMDB0008433,29,0.00010638,0
HMDB0008007,34,0.00010586,0
HMDB0012157,36,0.00010282,0
HMDB0011333,4,0.00010244,0
HMDB0003941,29,0.0001021,0
HMDB0008408,55,0.00010104,0
HMDB0034240,36,9.79E-05,0
HMDB0011301,4,9.58E-05,0
HMDB0008086,19,9.44E-05,0
HMDB0011300,4,9.34E-05,0
HMDB0008141,41,9.33E-05,0
HMDB0008272,34,9.32E-05,0
HMDB0002255,48,9.26E-05,0
HMDB0008146,19,9.09E-05,0
HMDB0059924,52,8.96E-05,0
HMDB0008070,27,8.56E-05,0
HMDB0011311,41,8.43E-05,0
HMDB0008168,41,8.36E-05,0
HMDB0013433,27,8.10E-05,0
HMDB0008208,19,8.10E-05,0
HMDB0008026,4,7.99E-05,0
HMDB0006402,4,7.61E-05,0
HMDB0008138,34,7.57E-05,0
HMDB0008340,19,7.57E-05,0
HMDB0001088,22,7.45E-05,0
HMDB0001070,24,7.28E-05,0
HMDB0008007,4,7.24E-05,0
HMDB0011275,35,7.12E-05,0
HMDB0003939,53,7.12E-05,0
HMDB0003941,19,7.04E-05,0
HMDB0008398,41,6.91E-05,0
HMDB0008171,41,6.91E-05,0
HMDB0013458,34,6.89E-05,0
HMDB0008366,41,6.85E-05,0
HMDB0011258,34,6.82E-05,0
HMDB0008429,34,6.75E-05,0
HMDB0008539,34,6.72E-05,0
HMDB0002255,5,6.66E-05,0
HMDB0013427,1,6.60E-05,0
HMDB0003152,36,6.52E-05,0
HMDB0011276,35,6.52E-05,0
HMDB0008332,34,6.47E-05,0
HMDB0008058,21,6.36E-05,0
HMDB0003944,34,6.10E-05,0
HMDB0003940,13,6.03E-05,0
HMDB0011311,34,6.00E-05,0
HMDB0008070,14,6.00E-05,0
HMDB0008304,34,5.84E-05,0
HMDB0008199,35,5.82E-05,0
HMDB0008137,34,5.82E-05,0
HMDB0008168,34,5.77E-05,0
HMDB0003937,51,5.72E-05,0
HMDB0008368,19,5.65E-05,0
HMDB0003936,19,5.58E-05,0
HMDB0008074,4,5.50E-05,0
HMDB0006404,1,5.50E-05,0
HMDB0013435,31,5.41E-05,0
HMDB0008567,34,5.34E-05,0
HMDB0008150,47,5.30E-05,0
HMDB0008208,34,5.29E-05,0
HMDB0008763,4,5.21E-05,0
HMDB0011316,34,5.20E-05,0
HMDB0008533,35,5.15E-05,0
HMDB0008203,34,5.14E-05,0
HMDB0008059,1,5.06E-05,0
HMDB0002255,36,5.02E-05,0
HMDB0008276,27,4.98E-05,0
HMDB0011275,1,4.91E-05,0
HMDB0008344,34,4.79E-05,0
HMDB0006402,40,4.77E-05,0
HMDB0001070,31,4.70E-05,0
HMDB0008053,31,4.67E-05,0
HMDB0013433,40,4.67E-05,0
HMDB0008107,27,4.66E-05,0
HMDB0013437,51,4.64E-05,0
HMDB0008793,4,4.63E-05,0
HMDB0001057,1,4.63E-05,0
HMDB0011252,4,4.59E-05,0
HMDB0001375,34,4.58E-05,0
HMDB0008278,4,4.58E-05,0
HMDB0008166,35,4.57E-05,0
HMDB0008308,4,4.52E-05,0
HMDB0008364,4,4.52E-05,0
HMDB0008041,10,4.51E-05,0
HMDB0008139,34,4.43E-05,0
HMDB0008138,51,4.38E-05,0
HMDB0007979,0,4.36E-05,0
HMDB0011318,34,4.33E-05,0
HMDB0008073,27,4.32E-05,0
HMDB0008331,31,4.30E-05,0
HMDB0008272,1,4.29E-05,0
HMDB0003940,48,4.25E-05,0
HMDB0008537,10,4.24E-05,0
HMDB0008534,27,4.20E-05,0
HMDB0008199,14,4.17E-05,0
HMDB0008114,34,4.15E-05,0
HMDB0008572,34,4.11E-05,0
HMDB0003938,51,4.08E-05,0
HMDB0008047,1,4.05E-05,0
HMDB0003944,13,4.04E-05,0
HMDB0003941,34,4.00E-05,0
HMDB0011296,1,3.97E-05,0
HMDB0008211,34,3.96E-05,0
HMDB0008793,35,3.93E-05,0
HMDB0008108,4,3.88E-05,0
HMDB0006404,34,3.86E-05,0
HMDB0011245,14,3.83E-05,0
HMDB0001375,14,3.77E-05,0
HMDB0008141,4,3.74E-05,0
HMDB0008278,27,3.69E-05,0
HMDB0008558,13,3.68E-05,0
HMDB0011329,14,3.68E-05,0
HMDB0011280,4,3.67E-05,0
HMDB0008370,34,3.64E-05,0
HMDB0008793,31,3.64E-05,0
HMDB0011309,21,3.60E-05,0
HMDB0003938,26,3.58E-05,0
HMDB0003939,14,3.57E-05,0
HMDB0008201,27,3.56E-05,0
HMDB0008167,4,3.52E-05,0
HMDB0001157,13,3.51E-05,0
HMDB0008073,35,3.48E-05,0
HMDB0011329,10,3.48E-05,0
HMDB0013425,10,3.47E-05,0
HMDB0008535,35,3.46E-05,0
HMDB0008283,31,3.45E-05,0
HMDB0008020,31,3.44E-05,0
HMDB0011301,0,3.43E-05,0
HMDB0001070,25,3.40E-05,0
HMDB0003934,34,3.38E-05,0
HMDB0008397,31,3.37E-05,0
HMDB0003938,33,3.37E-05,0
HMDB0001057,34,3.36E-05,0
HMDB0008039,0,3.35E-05,0
HMDB0013447,35,3.34E-05,0
HMDB0008137,4,3.34E-05,0
HMDB0008138,31,3.31E-05,0
HMDB0003940,31,3.29E-05,0
HMDB0008073,1,3.28E-05,0
HMDB0008073,31,3.28E-05,0
HMDB0011264,14,3.27E-05,0
HMDB0008394,0,3.24E-05,0
HMDB0003948,2,3.20E-05,0
HMDB0008763,31,3.18E-05,0
HMDB0008107,1,3.16E-05,0
HMDB0008157,4,3.15E-05,0
HMDB0008080,27,3.10E-05,0
HMDB0013458,35,3.10E-05,0
HMDB0001070,39,3.10E-05,0
HMDB0008267,13,3.07E-05,0
HMDB0011301,24,3.06E-05,0
HMDB0013436,14,3.05E-05,0
HMDB0011275,0,3.01E-05,0
HMDB0008167,35,2.99E-05,0
HMDB0008567,27,2.98E-05,0
HMDB0003940,52,2.97E-05,0
HMDB0008205,4,2.95E-05,0
HMDB0008232,14,2.95E-05,0
HMDB0013439,28,2.94E-05,0
HMDB0008276,21,2.93E-05,0
HMDB0008006,0,2.88E-05,0
HMDB0008533,28,2.87E-05,0
HMDB0003940,54,2.84E-05,0
HMDB0003937,13,2.84E-05,0
HMDB0011252,1,2.82E-05,0
HMDB0008140,10,2.82E-05,0
HMDB0008538,10,2.81E-05,0
HMDB0008147,4,2.81E-05,0
HMDB0011276,0,2.76E-05,0
HMDB0008596,4,2.76E-05,0
HMDB0011213,13,2.75E-05,0
HMDB0008107,21,2.74E-05,0
HMDB0008398,4,2.73E-05,0
HMDB0008111,31,2.73E-05,0
HMDB0003948,28,2.68E-05,0
HMDB0001070,9,2.68E-05,0
HMDB0008086,35,2.66E-05,0
HMDB0008348,4,2.62E-05,0
HMDB0008399,4,2.60E-05,0
HMDB0008463,4,2.60E-05,0
HMDB0008537,23,2.59E-05,0
HMDB0008305,1,2.58E-05,0
HMDB0006404,13,2.55E-05,0
HMDB0008015,14,2.54E-05,0
HMDB0011309,0,2.53E-05,0
HMDB0008170,4,2.53E-05,0
HMDB0006402,7,2.50E-05,0
HMDB0011324,27,2.48E-05,0
HMDB0003939,0,2.48E-05,0
HMDB0008328,13,2.48E-05,0
HMDB0008014,21,2.47E-05,0
HMDB0008206,27,2.47E-05,0
HMDB0008272,0,2.43E-05,0
HMDB0011296,0,2.42E-05,0
HMDB0008216,27,2.41E-05,0
HMDB0008338,10,2.41E-05,0
HMDB0008534,21,2.41E-05,0
HMDB0008340,35,2.40E-05,0
HMDB0008209,4,2.39E-05,0
HMDB0007973,50,2.37E-05,0
HMDB0011244,0,2.36E-05,0
HMDB0008047,0,2.35E-05,0
HMDB0008201,10,2.35E-05,0
HMDB0008080,31,2.35E-05,0
HMDB0013437,21,2.35E-05,0
HMDB0008311,27,2.34E-05,0
HMDB0003939,2,2.32E-05,0
HMDB0008203,31,2.31E-05,0
HMDB0008564,40,2.30E-05,0
HMDB0003943,2,2.30E-05,0
HMDB0008046,24,2.27E-05,0
HMDB0008341,4,2.27E-05,0
HMDB0008175,27,2.26E-05,0
HMDB0008308,40,2.26E-05,0
HMDB0008463,27,2.25E-05,0
HMDB0011313,1,2.23E-05,0
HMDB0008284,21,2.22E-05,0
HMDB0001057,13,2.22E-05,0
HMDB0008306,1,2.20E-05,0
HMDB0008085,23,2.20E-05,0
HMDB0001375,30,2.20E-05,0
HMDB0008082,31,2.17E-05,0
HMDB0008236,4,2.16E-05,0
HMDB0008170,35,2.15E-05,0
HMDB0008398,31,2.15E-05,0
HMDB0008167,14,2.14E-05,0
HMDB0008361,13,2.13E-05,0
HMDB0008573,27,2.12E-05,0
HMDB0008010,7,2.11E-05,0
HMDB0011283,14,2.10E-05,0
HMDB0008590,30,2.09E-05,0
HMDB0008370,4,2.09E-05,0
HMDB0008150,21,2.06E-05,0
HMDB0008210,31,2.05E-05,0
HMDB0013037,30,2.04E-05,0
HMDB0008310,35,2.04E-05,0
HMDB0011333,30,2.00E-05,0
HMDB0008308,28,1.99E-05,0
HMDB0008170,31,1.99E-05,0
HMDB0011313,10,1.98E-05,0
HMDB0008298,13,1.98E-05,0
HMDB0008112,10,1.97E-05,0
HMDB0008628,27,1.97E-05,0
HMDB0008072,24,1.96E-05,0
HMDB0003944,54,1.95E-05,0
HMDB0008241,27,1.94E-05,0
HMDB0008166,0,1.93E-05,0
HMDB0008209,31,1.87E-05,0
HMDB0006404,30,1.85E-05,0
HMDB0013440,13,1.84E-05,0
HMDB0008343,27,1.83E-05,0
HMDB0008074,24,1.82E-05,0
HMDB0011251,0,1.82E-05,0
HMDB0003934,2,1.81E-05,0
HMDB0008082,10,1.81E-05,0
HMDB0008157,10,1.80E-05,0
HMDB0008167,21,1.80E-05,0
HMDB0008026,13,1.79E-05,0
HMDB0008208,1,1.78E-05,0
HMDB0013458,0,1.76E-05,0
HMDB0013447,24,1.76E-05,0
HMDB0003943,31,1.76E-05,0
HMDB0008119,21,1.76E-05,0
HMDB0008331,24,1.75E-05,0
HMDB0008205,1,1.73E-05,0
HMDB0008203,1,1.73E-05,0
HMDB0008371,27,1.72E-05,0
HMDB0008340,14,1.72E-05,0
HMDB0008007,13,1.72E-05,0
HMDB0003938,24,1.71E-05,0
HMDB0008535,23,1.71E-05,0
HMDB0008010,6,1.70E-05,0
HMDB0011307,30,1.69E-05,0
HMDB0013425,13,1.68E-05,0
HMDB0011285,1,1.68E-05,0
HMDB0013452,1,1.64E-05,0
HMDB0008335,14,1.63E-05,0
HMDB0008799,10,1.63E-05,0
HMDB0003941,31,1.63E-05,0
HMDB0008596,1,1.62E-05,0
HMDB0001057,48,1.60E-05,0
HMDB0008602,14,1.60E-05,0
HMDB0011309,13,1.58E-05,0
HMDB0008599,0,1.57E-05,0
HMDB0013444,1,1.56E-05,0
HMDB0011244,13,1.56E-05,0
HMDB0008138,0,1.56E-05,0
HMDB0008105,13,1.55E-05,0
HMDB0008366,10,1.55E-05,0
HMDB0008232,24,1.55E-05,0
HMDB0008251,4,1.54E-05,0
HMDB0008175,1,1.54E-05,0
HMDB0008170,14,1.54E-05,0
HMDB0003944,20,1.52E-05,0
HMDB0003936,30,1.52E-05,0
HMDB0003936,46,1.52E-05,0
HMDB0003936,48,1.51E-05,0
HMDB0008348,10,1.50E-05,0
HMDB0008175,10,1.50E-05,0
HMDB0003934,44,1.49E-05,0
HMDB0008377,4,1.49E-05,0
HMDB0008139,1,1.48E-05,0
HMDB0008564,24,1.47E-05,0
HMDB0008430,14,1.47E-05,0
HMDB0008304,0,1.46E-05,0
HMDB0001375,18,1.45E-05,0
HMDB0008206,21,1.45E-05,0
HMDB0008403,27,1.45E-05,0
HMDB0011324,21,1.44E-05,0
HMDB0003943,6,1.42E-05,0
HMDB0008340,40,1.42E-05,0
HMDB0013452,10,1.41E-05,0
HMDB0012248,52,1.41E-05,0
HMDB0003941,38,1.40E-05,0
HMDB0008058,38,1.39E-05,0
HMDB0008173,10,1.39E-05,0
HMDB0008169,21,1.39E-05,0
HMDB0008766,24,1.39E-05,0
HMDB0013445,13,1.38E-05,0
HMDB0008211,14,1.38E-05,0
HMDB0008627,10,1.37E-05,0
HMDB0008042,44,1.35E-05,0
HMDB0008431,1,1.34E-05,0
HMDB0008047,30,1.34E-05,0
HMDB0003932,5,1.34E-05,0
HMDB0008199,30,1.34E-05,0
HMDB0008628,1,1.33E-05,0
HMDB0008463,21,1.32E-05,0
HMDB0003944,22,1.32E-05,0
HMDB0008236,14,1.31E-05,0
HMDB0011317,28,1.30E-05,0
HMDB0003932,52,1.30E-05,0
HMDB0011301,7,1.30E-05,0
HMDB0008204,2,1.29E-05,0
HMDB0011245,30,1.29E-05,0
HMDB0008543,0,1.29E-05,0
HMDB0008361,7,1.29E-05,0
HMDB0003948,22,1.28E-05,0
HMDB0008059,44,1.28E-05,0
HMDB0013427,50,1.27E-05,0
HMDB0008237,1,1.25E-05,0
HMDB0008368,1,1.24E-05,0
HMDB0013427,6,1.22E-05,0
HMDB0008163,6,1.22E-05,0
HMDB0013459,13,1.22E-05,0
HMDB0008053,30,1.21E-05,0
HMDB0008309,24,1.20E-05,0
HMDB0008256,10,1.19E-05,0
HMDB0003938,35,1.19E-05,0
HMDB0008605,14,1.18E-05,0
HMDB0008566,24,1.18E-05,0
HMDB0011307,7,1.17E-05,0
HMDB0008377,31,1.17E-05,0
HMDB0008039,5,1.16E-05,0
HMDB0003934,5,1.16E-05,0
HMDB0008401,10,1.15E-05,0
HMDB0008074,30,1.15E-05,0
HMDB0012248,25,1.14E-05,0
HMDB0011276,44,1.14E-05,0
HMDB0008075,13,1.14E-05,0
HMDB0008407,14,1.13E-05,0
HMDB0008016,13,1.13E-05,0
HMDB0013436,13,1.13E-05,0
HMDB0003937,36,1.13E-05,0
HMDB0008041,38,1.13E-05,0
HMDB0012248,50,1.12E-05,0
HMDB0008466,14,1.12E-05,0
HMDB0008202,23,1.11E-05,0
HMDB0008172,28,1.11E-05,0
HMDB0008471,10,1.11E-05,0
HMDB0011258,13,1.10E-05,0
HMDB0008278,13,1.10E-05,0
HMDB0011274,5,1.09E-05,0
HMDB0008073,30,1.09E-05,0
HMDB0008635,14,1.08E-05,0
HMDB0011301,5,1.08E-05,0
HMDB0007974,52,1.08E-05,0
HMDB0003943,20,1.07E-05,0
HMDB0003937,20,1.07E-05,0
HMDB0008433,14,1.07E-05,0
HMDB0003941,50,1.07E-05,0
HMDB0008173,28,1.07E-05,0
HMDB0008338,13,1.06E-05,0
HMDB0013439,7,1.06E-05,0
HMDB0002054,50,1.06E-05,0
HMDB0008203,0,1.06E-05,0
HMDB0008479,1,1.05E-05,0
HMDB0011300,50,1.05E-05,0
HMDB0013459,30,1.05E-05,0
HMDB0003936,6,1.05E-05,0
HMDB0008179,1,1.05E-05,0
HMDB0006404,25,1.05E-05,0
HMDB0013433,38,1.04E-05,0
HMDB0008205,23,1.03E-05,0
HMDB0008206,0,1.02E-05,0
HMDB0013433,6,1.02E-05,0
HMDB0008038,22,9.99E-06,0
HMDB0008211,28,9.97E-06,0
HMDB0013452,0,9.86E-06,0
HMDB0011245,44,9.81E-06,0
HMDB0011312,13,9.74E-06,0
HMDB0008335,0,9.66E-06,0
HMDB0008376,1,9.59E-06,0
HMDB0008278,30,9.57E-06,0
HMDB0008145,24,9.53E-06,0
HMDB0008053,44,9.23E-06,0
HMDB0013440,5,9.21E-06,0
HMDB0008760,38,9.21E-06,0
HMDB0003937,22,9.16E-06,0
HMDB0008760,6,9.01E-06,0
HMDB0008026,5,8.99E-06,0
HMDB0013440,6,8.93E-06,0
HMDB0008008,6,8.86E-06,0
HMDB0013418,54,8.74E-06,0
HMDB0001521,9,8.73E-06,0
HMDB0013429,50,8.73E-06,0
HMDB0008026,6,8.72E-06,0
HMDB0008495,13,8.63E-06,0
HMDB0002054,22,8.59E-06,0
HMDB0008146,13,8.52E-06,0
HMDB0011312,30,8.47E-06,0
HMDB0008138,30,8.47E-06,0
HMDB0008573,24,8.43E-06,0
HMDB0011264,44,8.42E-06,0
HMDB0003934,39,8.36E-06,0
HMDB0006404,9,8.36E-06,0
HMDB0008175,24,8.34E-06,0
HMDB0006404,22,8.33E-06,0
HMDB0008543,13,8.32E-06,0
HMDB0003932,22,8.30E-06,0
HMDB0008073,44,8.27E-06,0
HMDB0008597,24,8.19E-06,0
HMDB0008628,0,8.15E-06,0
HMDB0008331,44,8.13E-06,0
HMDB0008140,44,8.09E-06,0
HMDB0008797,13,8.07E-06,0
HMDB0011311,30,7.99E-06,0
HMDB0008272,6,7.96E-06,0
HMDB0013425,46,7.81E-06,0
HMDB0008373,0,7.79E-06,0
HMDB0008047,38,7.68E-06,0
HMDB0011296,50,7.62E-06,0
HMDB0007974,9,7.61E-06,0
HMDB0008196,22,7.60E-06,0
HMDB0008040,25,7.55E-06,0
HMDB0008112,30,7.53E-06,0
HMDB0008199,6,7.49E-06,0
HMDB0008370,0,7.49E-06,0
HMDB0008137,13,7.48E-06,0
HMDB0013436,44,7.46E-06,0
HMDB0011245,5,7.44E-06,0
HMDB0008014,7,7.41E-06,0
HMDB0008211,24,7.24E-06,0
HMDB0003934,22,7.23E-06,0
HMDB0008271,46,7.20E-06,0
HMDB0008072,38,7.14E-06,0
HMDB0008361,54,7.13E-06,0
HMDB0008111,44,7.03E-06,0
HMDB0008542,13,7.02E-06,0
HMDB0011274,52,6.93E-06,0
HMDB0008078,7,6.91E-06,0
HMDB0000593,54,6.91E-06,0
HMDB0011317,13,6.89E-06,0
HMDB0013445,50,6.85E-06,0
HMDB0008538,50,6.82E-06,0
HMDB0008208,13,6.80E-06,0
HMDB0008538,6,6.79E-06,0
HMDB0008053,6,6.79E-06,0
HMDB0008237,24,6.78E-06,0
HMDB0013445,6,6.73E-06,0
HMDB0008249,24,6.69E-06,0
HMDB0008020,38,6.57E-06,0
HMDB0008535,50,6.56E-06,0
HMDB0008568,30,6.51E-06,0
HMDB0008599,44,6.49E-06,0
HMDB0011333,18,6.49E-06,0
HMDB0008276,5,6.47E-06,0
HMDB0011312,44,6.44E-06,0
HMDB0011333,39,6.39E-06,0
HMDB0008006,54,6.38E-06,0
HMDB0007980,22,6.35E-06,0
HMDB0011329,46,6.32E-06,0
HMDB0008342,44,6.28E-06,0
HMDB0013429,25,6.27E-06,0
HMDB0008152,13,6.26E-06,0
HMDB0013439,25,6.22E-06,0
HMDB0013447,20,6.19E-06,0
HMDB0008304,44,6.19E-06,0
HMDB0008020,46,6.14E-06,0
HMDB0008344,30,6.14E-06,0
HMDB0013447,46,6.14E-06,0
HMDB0008364,7,6.12E-06,0
HMDB0013459,38,6.06E-06,0
HMDB0008040,18,6.04E-06,0
HMDB0008376,0,5.95E-06,0
HMDB0013433,18,5.94E-06,0
HMDB0008573,13,5.92E-06,0
HMDB0008760,52,5.89E-06,0
HMDB0013435,18,5.89E-06,0
HMDB0008348,13,5.88E-06,0
HMDB0008277,50,5.87E-06,0
HMDB0008175,13,5.86E-06,0
HMDB0008284,50,5.85E-06,0
HMDB0008106,5,5.84E-06,0
HMDB0011300,39,5.83E-06,0
HMDB0008438,24,5.78E-06,0
HMDB0008026,52,5.70E-06,0
HMDB0008635,24,5.67E-06,0
HMDB0008107,46,5.61E-06,0
HMDB0008537,54,5.56E-06,0
HMDB0008340,30,5.53E-06,0
HMDB0008539,20,5.52E-06,0
HMDB0008251,0,5.51E-06,0
HMDB0008278,50,5.51E-06,0
HMDB0008332,44,5.50E-06,0
HMDB0008173,13,5.43E-06,0
HMDB0008006,18,5.39E-06,0
HMDB0008134,38,5.31E-06,0
HMDB0008169,30,5.31E-06,0
HMDB0008016,46,5.26E-06,0
HMDB0011252,6,5.23E-06,0
HMDB0008564,50,5.20E-06,0
HMDB0008134,6,5.19E-06,0
HMDB0008338,6,5.18E-06,0
HMDB0008760,39,5.15E-06,0
HMDB0008564,38,5.14E-06,0
HMDB0008040,22,5.12E-06,0
HMDB0008341,13,5.08E-06,0
HMDB0008211,13,5.06E-06,0
HMDB0011300,22,5.03E-06,0
HMDB0008332,7,5.02E-06,0
HMDB0008283,25,4.97E-06,0
HMDB0008337,6,4.96E-06,0
HMDB0011286,13,4.94E-06,0
HMDB0008538,25,4.94E-06,0
HMDB0008105,52,4.94E-06,0
HMDB0008280,6,4.92E-06,0
HMDB0013428,22,4.87E-06,0
HMDB0011276,18,4.85E-06,0
HMDB0011296,52,4.82E-06,0
HMDB0008564,46,4.80E-06,0
HMDB0008086,50,4.80E-06,0
HMDB0011276,39,4.80E-06,0
HMDB0008305,6,4.78E-06,0
HMDB0008377,24,4.76E-06,0
HMDB0008085,54,4.73E-06,0
HMDB0008304,50,4.71E-06,0
HMDB0008304,38,4.66E-06,0
HMDB0008168,7,4.48E-06,0
HMDB0008200,46,4.48E-06,0
HMDB0008119,5,4.45E-06,0
HMDB0008086,46,4.44E-06,0
HMDB0008074,54,4.43E-06,0
HMDB0008763,54,4.43E-06,0
HMDB0008080,50,4.42E-06,0
HMDB0008178,13,4.42E-06,0
HMDB0008150,6,4.42E-06,0
HMDB0008567,38,4.36E-06,0
HMDB0008105,39,4.32E-06,0
HMDB0008271,39,4.31E-06,0
HMDB0011313,5,4.27E-06,0
HMDB0008567,6,4.26E-06,0
HMDB0008146,38,4.24E-06,0
HMDB0008626,50,4.24E-06,0
HMDB0008373,30,4.24E-06,0
HMDB0008402,30,4.23E-06,0
HMDB0008206,44,4.22E-06,0
HMDB0008141,50,4.21E-06,0
HMDB0008141,5,4.20E-06,0
HMDB0008118,54,4.17E-06,0
HMDB0008106,25,4.12E-06,0
HMDB0008539,25,4.11E-06,0
HMDB0011280,6,4.09E-06,0
HMDB0008306,6,4.09E-06,0
HMDB0013446,39,4.07E-06,0
HMDB0008543,6,4.05E-06,0
HMDB0008112,46,4.03E-06,0
HMDB0008016,25,4.00E-06,0
HMDB0008205,7,3.99E-06,0
HMDB0008113,6,3.98E-06,0
HMDB0013444,44,3.94E-06,0
HMDB0008797,6,3.93E-06,0
HMDB0008334,7,3.93E-06,0
HMDB0008140,52,3.90E-06,0
HMDB0008536,54,3.88E-06,0
HMDB0008399,44,3.86E-06,0
HMDB0011274,36,3.82E-06,0
HMDB0011252,25,3.81E-06,0
HMDB0008605,30,3.79E-06,0
HMDB0011329,39,3.79E-06,0
HMDB0011323,52,3.79E-06,0
HMDB0008568,5,3.76E-06,0
HMDB0008137,38,3.72E-06,0
HMDB0008082,46,3.72E-06,0
HMDB0008278,54,3.69E-06,0
HMDB0013458,52,3.69E-06,0
HMDB0008366,7,3.67E-06,0
HMDB0008337,25,3.61E-06,0
HMDB0008602,7,3.57E-06,0
HMDB0008204,50,3.52E-06,0
HMDB0008204,5,3.51E-06,0
HMDB0008157,38,3.51E-06,0
HMDB0008542,38,3.49E-06,0
HMDB0008599,25,3.48E-06,0
HMDB0008202,6,3.47E-06,0
HMDB0008170,7,3.43E-06,0
HMDB0008338,52,3.39E-06,0
HMDB0008464,7,3.35E-06,0
HMDB0008145,38,3.33E-06,0
HMDB0011317,20,3.32E-06,0
HMDB0008241,44,3.32E-06,0
HMDB0008793,52,3.31E-06,0
HMDB0008106,18,3.29E-06,0
HMDB0008277,39,3.25E-06,0
HMDB0008627,7,3.24E-06,0
HMDB0008234,5,3.23E-06,0
HMDB0008364,52,3.22E-06,0
HMDB0008402,44,3.21E-06,0
HMDB0008016,18,3.20E-06,0
HMDB0008086,54,3.20E-06,0
HMDB0008334,6,3.16E-06,0
HMDB0008216,50,3.14E-06,0
HMDB0008053,9,3.14E-06,0
HMDB0008147,38,3.13E-06,0
HMDB0008305,52,3.13E-06,0
HMDB0008176,44,3.12E-06,0
HMDB0008340,6,3.09E-06,0
HMDB0011311,54,3.08E-06,0
HMDB0008429,25,3.07E-06,0
HMDB0008278,39,3.06E-06,0
HMDB0008169,5,3.06E-06,0
HMDB0008335,50,3.04E-06,0
HMDB0008216,20,3.01E-06,0
HMDB0008073,22,3.00E-06,0
HMDB0013444,50,3.00E-06,0
HMDB0008251,30,3.00E-06,0
HMDB0008304,52,2.98E-06,0
HMDB0008206,46,2.97E-06,0
HMDB0008111,39,2.96E-06,0
HMDB0008373,7,2.95E-06,0
HMDB0008175,5,2.94E-06,0
HMDB0008602,38,2.94E-06,0
HMDB0008210,5,2.93E-06,0
HMDB0008178,44,2.93E-06,0
HMDB0013437,18,2.92E-06,0
HMDB0013452,46,2.91E-06,0
HMDB0008463,38,2.90E-06,0
HMDB0013438,18,2.89E-06,0
HMDB0011323,22,2.87E-06,0
HMDB0008139,50,2.86E-06,0
HMDB0008597,38,2.86E-06,0
HMDB0008170,5,2.85E-06,0
HMDB0008463,6,2.84E-06,0
HMDB0008366,46,2.82E-06,0
HMDB0008171,46,2.82E-06,0
HMDB0008106,22,2.79E-06,0
HMDB0008407,44,2.77E-06,0
HMDB0011312,18,2.76E-06,0
HMDB0008138,18,2.76E-06,0
HMDB0008078,22,2.74E-06,0
HMDB0008113,54,2.74E-06,0
HMDB0011313,52,2.71E-06,0
HMDB0008342,18,2.69E-06,0
HMDB0011280,52,2.68E-06,0
HMDB0008597,46,2.67E-06,0
HMDB0008167,54,2.65E-06,0
HMDB0008342,39,2.64E-06,0
HMDB0013449,52,2.60E-06,0
HMDB0008792,9,2.60E-06,0
HMDB0011311,39,2.56E-06,0
HMDB0008082,52,2.54E-06,0
HMDB0008211,38,2.53E-06,0
HMDB0008085,36,2.48E-06,0
HMDB0013438,22,2.45E-06,0
HMDB0008241,6,2.44E-06,0
HMDB0008236,50,2.43E-06,0
HMDB0008235,46,2.43E-06,0
HMDB0008112,39,2.41E-06,0
HMDB0008343,5,2.38E-06,0
HMDB0008176,50,2.37E-06,0
HMDB0008402,6,2.37E-06,0
HMDB0008236,6,2.35E-06,0
HMDB0011312,22,2.34E-06,0
HMDB0008212,38,2.30E-06,0
HMDB0008086,22,2.29E-06,0
HMDB0008251,44,2.27E-06,0
HMDB0011310,9,2.27E-06,0
HMDB0008402,46,2.24E-06,0
HMDB0008178,5,2.23E-06,0
HMDB0008371,38,2.22E-06,0
HMDB0008204,52,2.22E-06,0
HMDB0008305,9,2.21E-06,0
HMDB0008201,22,2.21E-06,0
HMDB0008368,46,2.20E-06,0
HMDB0008401,6,2.19E-06,0
HMDB0008605,5,2.19E-06,0
HMDB0011324,52,2.19E-06,0
HMDB0008256,46,2.17E-06,0
HMDB0008171,25,2.17E-06,0
HMDB0008014,36,2.15E-06,0
HMDB0008140,36,2.15E-06,0
HMDB0008366,25,2.15E-06,0
HMDB0008432,38,2.11E-06,0
HMDB0013444,25,2.11E-06,0
HMDB0008567,22,2.10E-06,0
HMDB0008142,52,2.10E-06,0
HMDB0008602,25,2.09E-06,0
HMDB0008465,46,2.09E-06,0
HMDB0008112,22,2.08E-06,0
HMDB0008629,38,2.04E-06,0
HMDB0008539,36,2.04E-06,0
HMDB0008438,5,2.04E-06,0
HMDB0008202,18,2.02E-06,0
HMDB0011251,36,2.02E-06,0
HMDB0008141,22,2.01E-06,0
HMDB0008114,52,1.98E-06,0
HMDB0008204,18,1.97E-06,0
HMDB0013449,22,1.96E-06,0
HMDB0008183,25,1.93E-06,0
HMDB0008167,22,1.90E-06,0
HMDB0008243,5,1.89E-06,0
HMDB0008139,54,1.89E-06,0
HMDB0008403,50,1.89E-06,0
HMDB0008403,38,1.87E-06,0
HMDB0008463,52,1.85E-06,0
HMDB0008404,50,1.81E-06,0
HMDB0008115,22,1.78E-06,0
HMDB0008168,22,1.78E-06,0
HMDB0008446,46,1.77E-06,0
HMDB0008340,39,1.77E-06,0
HMDB0008404,6,1.75E-06,0
HMDB0008572,39,1.74E-06,0
HMDB0013452,39,1.74E-06,0
HMDB0008366,18,1.72E-06,0
HMDB0008383,22,1.72E-06,0
HMDB0008236,25,1.71E-06,0
HMDB0008376,46,1.70E-06,0
HMDB0008237,25,1.69E-06,0
HMDB0008200,36,1.69E-06,0
HMDB0008377,50,1.68E-06,0
HMDB0008086,36,1.68E-06,0
HMDB0008251,6,1.68E-06,0
HMDB0008176,25,1.67E-06,0
HMDB0008249,25,1.66E-06,0
HMDB0008177,52,1.65E-06,0
HMDB0011324,22,1.65E-06,0
HMDB0008201,36,1.62E-06,0
HMDB0008139,18,1.60E-06,0
HMDB0008799,9,1.58E-06,0
HMDB0008119,36,1.56E-06,0
HMDB0008370,54,1.56E-06,0
HMDB0008185,52,1.55E-06,0
HMDB0008080,36,1.55E-06,0
HMDB0008572,22,1.50E-06,0
HMDB0008146,36,1.50E-06,0
HMDB0008114,22,1.50E-06,0
HMDB0008407,25,1.48E-06,0
HMDB0008306,36,1.48E-06,0
HMDB0008406,52,1.48E-06,0
HMDB0008191,25,1.48E-06,0
HMDB0008212,52,1.47E-06,0
HMDB0011285,9,1.44E-06,0
HMDB0008313,22,1.43E-06,0
HMDB0008217,18,1.39E-06,0
HMDB0008409,50,1.38E-06,0
HMDB0008139,22,1.36E-06,0
HMDB0008402,39,1.35E-06,0
HMDB0008249,18,1.33E-06,0
HMDB0008602,9,1.33E-06,0
HMDB0008191,52,1.33E-06,0
HMDB0008348,9,1.32E-06,0
HMDB0008173,22,1.30E-06,0
HMDB0008597,9,1.29E-06,0
HMDB0008401,39,1.26E-06,0
HMDB0008371,39,1.24E-06,0
HMDB0008211,22,1.22E-06,0
HMDB0008204,36,1.22E-06,0
HMDB0011324,36,1.21E-06,0
HMDB0008241,22,1.20E-06,0
HMDB0008217,22,1.17E-06,0
HMDB0008466,18,1.17E-06,0
HMDB0013453,22,1.17E-06,0
HMDB0008368,22,1.14E-06,0
HMDB0008370,22,1.12E-06,0
HMDB0008433,18,1.11E-06,0
HMDB0008433,39,1.10E-06,0
HMDB0008402,9,1.09E-06,0
HMDB0008465,22,1.08E-06,0
HMDB0008408,25,1.08E-06,0
HMDB0008371,22,1.07E-06,0
HMDB0008343,9,1.06E-06,0
HMDB0008446,39,1.06E-06,0
HMDB0008605,22,1.04E-06,0
HMDB0008466,22,9.95E-07,0
HMDB0008139,36,9.85E-07,0
HMDB0008605,9,9.78E-07,0
HMDB0008251,39,9.56E-07,0
HMDB0008438,9,9.14E-07,0
HMDB0008431,36,8.97E-07,0
HMDB0008217,36,8.57E-07,0
HMDB0008373,36,8.56E-07,0
HMDB0008376,9,8.28E-07,0
HMDB0008377,22,7.96E-07,0
HMDB0008408,9,6.85E-07,0
HMDB0008409,22,6.55E-07,0
HMDB0008403,36,6.50E-07,0
